"Date","State...UT","Confirmed.cases","Deceased.cases","Recovered.Cases","Susceptible","Death.Rate","Recovery.Rate","Overall.Hospital.Beds","Overall.ICU.Beds","Ventilators","Age.Distribution","Population","Action","Reward","Percentage.Distribution"
"2020-11-25","Assam",210999,2390.38929834418,207649,30994577,0.743742781065395,64.6076540136901,24178,1209,604,4127732,31205576,NA,NA,NA
"2020-11-25","Delhi",531920,6029.96199226625,493419,16256021,0.156618321401165,12.8157450455832,39455,1973,986,2343806,16787941,NA,NA,NA
"2020-11-25","Jharkhand",106966,1212.59007832898,104724,32881168,0.54085195286752,46.7100802854594,26496,1325,662,4528093,32988134,NA,NA,NA
"2020-11-25","Maharashtra",1750941,19760.3573057474,1658879,110623392,0.234577712027201,19.6927633609535,231739,11587,5793,19912066,112374333,NA,NA,NA
"2020-11-25","Nagaland",10870,123.224708331956,9397,1967632,0.0836556064711174,6.37949762389681,2561,128,64,211983,1978502,NA,NA,NA
"2020-11-26","Assam",212085.594085,2391.87188539015,207808.161215018,30993490.405915,0.750833557660695,65.2331514697947,24178,1209,604,4127732,31205576,NA,NA,NA
"2020-11-26","Delhi",536258.612894701,6034.75297766051,495303.81501541,16251682.3871053,0.162930524951489,13.3725623715954,39455,1973,986,2343806,16787941,NA,NA,NA
"2020-11-26","Jharkhand",107586.441330601,1213.27339227425,104834.35497808,32880547.5586694,0.553520312041962,47.827592074209,26496,1325,662,4528093,32988134,NA,NA,NA
"2020-11-26","Maharashtra",1767810.358952,19795.5070271013,1663051.9997217,110606522.641048,0.238025019412183,19.9968600943278,231739,11587,5793,19912066,112374333,NA,NA,NA
"2020-11-26","Nagaland",11074.8369523301,123.450801289362,9469.17400739596,1967427.16304767,0.0868900497180265,6.66481700967444,2561,128,64,211983,1978502,NA,NA,NA
"2020-11-27","Assam",213193.828777999,2395.39542906466,207970.498032824,30992382.171222,0.71845189428868,62.3766733687832,24178,1209,604,4127732,31205576,NA,NA,NA
"2020-11-27","Delhi",540474.3238547,6047.70152035428,497135.720049154,16247466.6761453,0.166378146410435,13.6766868103222,39455,1973,986,2343806,16787941,NA,NA,NA
"2020-11-27","Jharkhand",108208.072491299,1215.14128637399,104944.923674003,32879925.9275087,0.540994361605364,46.7226425629547,26496,1325,662,4528093,32988134,NA,NA,NA
"2020-11-27","Maharashtra",1784730.122719,19859.8319911546,1667238.10751008,110589602.877281,0.234600497458705,19.6947733283032,231739,11587,5793,19912066,112374333,NA,NA,NA
"2020-11-27","Nagaland",11274.8934591201,124.063020583436,9539.67088536569,1967227.10654088,0.088346418184509,6.7932873906959,2561,128,64,211983,1978502,NA,NA,NA
"2020-11-28","Assam",214378.070929699,2400.68545380463,208143.975017287,30991197.9290703,0.661842150363145,57.3829677654159,24178,1209,604,4127732,31205576,NA,NA,NA
"2020-11-28","Delhi",544644.983836999,6067.10932737674,498948.516313765,16243296.016163,0.167376127803966,13.7647215713253,39455,1973,986,2343806,16787941,NA,NA,NA
"2020-11-28","Jharkhand",108856.9734185,1218.00426214181,105060.345036505,32879277.0265815,0.511067444716836,44.0827045912458,26496,1325,662,4528093,32988134,NA,NA,NA
"2020-11-28","Maharashtra",1802159.495515,19948.5031272559,1671550.96709844,110572173.504485,0.226268661100822,18.9597984808385,231739,11587,5793,19912066,112374333,NA,NA,NA
"2020-11-28","Nagaland",11474.61381201,124.984046211082,9610.05645926165,1967027.38618799,0.0883192276273249,6.79088883475207,2561,128,64,211983,1978502,NA,NA,NA
"2020-11-29","Assam",215684.412319399,2407.62423157748,208335.345735615,30989891.5876806,0.594769351293751,51.4662864784112,24178,1209,604,4127732,31205576,NA,NA,NA
"2020-11-29","Delhi",548830.183489,6091.74017088322,500768.100273468,16239110.816511,0.16643404183561,13.6816175038486,39455,1973,986,2343806,16787941,NA,NA,NA
"2020-11-29","Jharkhand",109554.462863699,1221.75798190857,105184.411480358,32878579.5371363,0.471663823748755,40.6067997526705,26496,1325,662,4528093,32988134,NA,NA,NA
"2020-11-29","Maharashtra",1820467.535004,20058.462207528,1676081.98296115,110553865.464996,0.214915871163012,17.9583367748667,231739,11587,5793,19912066,112374333,NA,NA,NA
"2020-11-29","Nagaland",11677.42703124,126.159286768905,9681.53933689873,1966824.57296876,0.0871670248815503,6.68924977213142,2561,128,64,211983,1978502,NA,NA,NA
"2020-11-30","Assam",217155.012208499,2416.20888686804,208550.788933552,30988420.9877915,0.526426663597238,45.437584724378,24178,1209,604,4127732,31205576,NA,NA,NA
"2020-11-30","Delhi",553076.123410299,6120.69987488071,502614.571307476,16234864.8765897,0.164051282983899,13.4714276071249,39455,1973,986,2343806,16787941,NA,NA,NA
"2020-11-30","Jharkhand",110319.082240701,1226.35951852183,105320.421733872,32877814.9177593,0.428764123750027,36.8224958959318,26496,1325,662,4528093,32988134,NA,NA,NA
"2020-11-30","Maharashtra",1839963.668521,20187.9374242443,1680907.86260627,110534369.331479,0.202026472064442,16.8213264293114,231739,11587,5793,19912066,112374333,NA,NA,NA
"2020-11-30","Nagaland",11886.03524822,127.550794745447,9755.07239059988,1966615.96475178,0.0852302378331069,6.51840030937699,2561,128,64,211983,1978502,NA,NA,NA
"2020-12-01","Assam",218831.239085902,2426.52519377797,208796.36899804,30986744.7609141,0.461818736151141,39.7383367338922,24178,1209,604,4127732,31205576,153,57.763,16.0908209331291
"2020-12-01","Delhi",557419.1698345,6153.34877936337,504503.771615966,16230521.8301655,0.160659642372693,13.1722413972903,39455,1973,986,2343806,16787941,84,99.952,8.42819800645401
"2020-12-01","Jharkhand",111168.009180099,1231.81162875004,105471.432295579,32876965.9908199,0.386129081172862,33.0615382187967,26496,1325,662,4528093,32988134,181,31.308,17.0723764843523
"2020-12-01","Maharashtra",1860919.85758699,20336.1005595162,1686096.0992231,110513413.142413,0.188631102030916,15.6396829567039,231739,11587,5793,19912066,112374333,585,25.887,57.3874911774058
"2020-12-01","Nagaland",12102.6231325599,129.132868464079,9831.42647932818,1966399.37686744,0.0827907988003634,6.3032104935936,2561,128,64,211983,1978502,15,75.599,1.02111339865883
"2020-12-02","Assam",220756.059466701,2438.73201113711,209078.386299674,30984819.9405333,0.403158765869213,34.5637748656116,24178,1209,604,4127732,31205576,153,57.763,16.0923481849348
"2020-12-02","Delhi",561888.5447504,6189.23560958128,506448.451968447,16226052.4552496,0.156604172758552,12.8144969538061,39455,1973,986,2343806,16787941,84,99.952,8.42720036062918
"2020-12-02","Jharkhand",112118.097442299,1238.15245887699,105640.44246709,32876015.9025577,0.345805561280927,29.5044864946853,26496,1325,662,4528093,32988134,181,31.308,17.0745641205203
"2020-12-02","Maharashtra",1883586.60509101,20502.8292363508,1691708.93568283,110490746.394909,0.175382340263984,14.470972213899,231739,11587,5793,19912066,112374333,585,25.887,57.384731155859
"2020-12-02","Nagaland",12329.0124014099,130.888828837469,9911.24485664273,1966172.98759859,0.080062708619182,6.06255794370432,2561,128,64,211983,1978502,15,75.599,1.0211561780567
"2020-12-03","Assam",222975.965239599,2453.05318299325,209403.6601362,30982600.0347604,0.351083248456425,29.9700462056736,24178,1209,604,4127732,31205576,153,57.763,16.0939338604864
"2020-12-03","Delhi",566508.2850579,6228.04943828712,508459.121231734,16221432.7149421,0.152145844058517,12.4212151710745,39455,1973,986,2343806,16787941,84,99.952,8.42623488486146
"2020-12-03","Jharkhand",113186.661001101,1245.44916627561,105830.533916632,32874947.3389989,0.308733491015799,26.2342543372158,26496,1325,662,4528093,32988134,181,31.308,17.0769150280228
"2020-12-03","Maharashtra",1908204.691073,20688.5430702364,1697806.27543418,110466128.308927,0.162660336762496,13.3487283073552,231739,11587,5793,19912066,112374333,585,25.887,57.3817097607451
"2020-12-03","Nagaland",12566.7749842401,132.808682016253,9995.08303419944,1965935.22501576,0.0771988030745369,5.8099247365197,2561,128,64,211983,1978502,15,75.599,1.02120646588429
"2020-12-04","Assam",225542.651299998,2469.77472694434,209779.775342365,30980033.3487,0.305436949874716,25.943457120581,24178,1209,604,4127732,31205576,153,57.763,16.0955789286379
"2020-12-04","Delhi",571298.6878969,6269.5843761597,510544.673512341,16216642.3121031,0.147474194296352,12.0091157341829,39455,1973,986,2343806,16787941,84,99.952,8.42530552998574
"2020-12-04","Jharkhand",114392.1029194,1253.79416812346,106044.982673543,32873741.8970806,0.275211567922765,23.2771907015717,26496,1325,662,4528093,32988134,181,31.308,17.0794492513461
"2020-12-04","Maharashtra",1935013.973158,20894.0916573156,1704447.87043009,110439319.026842,0.150665098482014,12.29059441624,231739,11587,5793,19912066,112374333,585,25.887,57.3784009918166
"2020-12-04","Nagaland",12817.3149816,134.88745211808,10083.4376664299,1965684.6850184,0.0743031742366161,5.55449312792212,2561,128,64,211983,1978502,15,75.599,1.02126529821363
"2020-12-05","Assam",228514.586648699,2489.24596355616,210215.313610596,30977061.4133513,0.265714784266469,22.4394525584565,24178,1209,604,4127732,31205576,153,57.763,16.0972818147008
"2020-12-05","Delhi",576277.4050631,6313.71296313782,512712.863394874,16211663.5949369,0.142722734129503,11.5899759957911,39455,1973,986,2343806,16787941,84,99.952,8.42441812315831
"2020-12-05","Jharkhand",115754.4468785,1263.30331600465,106287.353852522,32872379.5531215,0.245196667761338,20.6294914765447,26496,1325,662,4528093,32988134,181,31.308,17.0821870585289
"2020-12-05","Maharashtra",1964260.135957,21120.6798769062,1711695.0048532,110410072.864043,0.139484178878713,11.3042938785224,231739,11587,5793,19912066,112374333,585,25.887,57.3747791747645
"2020-12-05","Nagaland",13081.9307029501,137.123943576093,10176.7684274001,1965420.06929705,0.0714439336098333,5.30227142633449,2561,128,64,211983,1978502,15,75.599,1.02133382884754
"2020-12-06","Assam",231958.587306801,2511.88375882451,210720.085503717,30973617.4126932,0.231290789174307,19.4028146007202,24178,1209,604,4127732,31205576,153,57.0604,16.0990382731195
"2020-12-06","Delhi",581460.239157001,6360.3669618797,514970.651990456,16206480.760843,0.13798296800336,11.1718678218007,39455,1973,986,2343806,16787941,84,99.93,8.42358031885755
"2020-12-06","Jharkhand",117295.815232199,1274.115489746,106561.586922055,32870838.1847678,0.218479339023681,18.2726803523018,26496,1325,662,4528093,32988134,181,32.177,17.0851494339576
"2020-12-06","Maharashtra",1996200.060443,21369.8194993921,1719611.84082112,110378132.939557,0.129138092895379,10.3916363753222,231739,11587,5793,19912066,112374333,585,24.89585,57.3708186238905
"2020-12-06","Nagaland",13361.8598364701,139.519868326792,10275.5139533719,1965140.14016353,0.06866377899369,5.05702612539965,2561,128,64,211983,1978502,15,75.623,1.02141335017495
"2020-12-07","Assam",235951.4705857,2538.17939196023,211305.374947993,30969624.5294143,0.201529063988251,16.7774486562464,24178,1209,604,4127732,31205576,153,57.0604,16.1008411226543
"2020-12-07","Delhi",586861.7478601,6409.52291883372,517324.469918546,16201079.2521399,0.133315997728325,10.7601811757025,39455,1973,986,2343806,16787941,84,99.93,8.42280160053231
"2020-12-07","Jharkhand",119040.888297401,1286.39323115282,106872.077705183,32869093.1117026,0.19478095246115,16.18217865486,26496,1325,662,4528093,32988134,181,32.177,17.0883584828293
"2020-12-07","Maharashtra",2031106.200966,21643.3010486543,1728266.52257122,110343226.799034,0.119609111700159,9.55105799624406,231739,11587,5793,19912066,112374333,585,24.89585,57.3664934802442
"2020-12-07","Nagaland",13658.31386389,142.079207667498,10380.1040038654,1964843.68613611,0.0659880624852817,4.82099360529785,2561,128,64,211983,1978502,15,75.623,1.02150531373995
"2020-12-08","Assam",240581.8624046,2568.70779743608,211984.206910308,30964994.1375954,0.175833243634317,14.5107476753456,24178,1209,604,4127732,31205576,153,57.0604,16.1026798543301
"2020-12-08","Delhi",592495.6867602,6461.19174202902,519780.410361313,16195445.3132398,0.128761361684475,10.3584038498168,39455,1973,986,2343806,16787941,84,99.93,8.42209334251995
"2020-12-08","Jharkhand",121017.365743399,1300.32425555231,107223.760843876,32867116.6342566,0.173804844786349,14.3318168766781,26496,1325,662,4528093,32988134,181,32.177,17.0918377876838
"2020-12-08","Maharashtra",2069270.41892099,21943.1785304644,1737732.15065214,110305062.581079,0.110859025149798,8.77918811649392,231739,11587,5793,19912066,112374333,585,24.89585,57.3617776629392
"2020-12-08","Nagaland",13972.5037875101,144.807764990414,10490.9685687821,1964529.49621249,0.0634305554197635,4.59538867444837,2561,128,64,211983,1978502,15,75.623,1.02161135252696
"2020-12-09","Assam",245952.2125136,2604.13912907405,212771.646548474,30959623.7874864,0.153665260812654,12.5552472198499,24178,1209,604,4127732,31205576,153,57.0604,16.1045401052778
"2020-12-09","Delhi",598375.346864801,6515.41090475234,522344.376547045,16189565.6531352,0.124343593044852,9.9686999847175,39455,1973,986,2343806,16787941,84,99.93,8.42146891504948
"2020-12-09","Jharkhand",123256.450367901,1316.1236728139,107622.196359312,32864877.5496321,0.155261947888994,12.6960955022662,26496,1325,662,4528093,32988134,181,32.177,17.0956127305081
"2020-12-09","Maharashtra",2111007.404798,22271.7652154609,1748087.65958167,110263325.595202,0.102839720240954,8.07178255198407,231739,11587,5793,19912066,112374333,585,24.89585,57.356644944341
"2020-12-09","Nagaland",14305.6602286899,147.712844388801,10608.5449996303,1964196.33977131,0.0609974635224346,4.38075875742946,2561,128,64,211983,1978502,15,75.623,1.0217333048237
"2020-12-10","Assam",252181.0765884,2645.25272322151,213685.138834207,30953394.9234116,0.134549406763785,10.8689836747867,24178,1209,604,4127732,31205576,153,57.0604,16.1064029930667
"2020-12-10","Delhi",604513.8060154,6572.23880016699,525022.191980083,16183427.1939846,0.120076906070822,9.59232346059728,39455,1973,986,2343806,16787941,84,99.93,8.42094383637781
"2020-12-10","Jharkhand",125793.3695556,1334.03685219937,108073.66306212,32862340.6304444,0.138882599448274,11.2512268557038,26496,1325,662,4528093,32988134,181,32.177,17.0997108006733
"2020-12-10","Maharashtra",2156657.905329,22631.637176931,1759418.65359577,110217675.094671,0.0954993674004005,7.42426926948665,231739,11587,5793,19912066,112374333,585,24.89585,57.3510691291244
"2020-12-10","Nagaland",14659.04906568,150.803030529886,10733.2835764739,1963842.95093432,0.0586901377889912,4.17722302939216,2561,128,64,211983,1978502,15,75.623,1.02187324075776
"2020-12-11","Assam",259405.719004098,2692.95362566233,214744.896994263,30946170.2809959,0.118069755110221,9.41526699816314,24178,1209,604,4127732,31205576,153,56.274,16.1082442996576
"2020-12-11","Delhi",610924.121180899,6631.75057845477,527819.685127895,16177016.8788191,0.115968509322417,9.22991016492235,39455,1973,986,2343806,16787941,84,99.913,8.4205359680234
"2020-12-11","Jharkhand",128667.946730401,1354.34292003179,108585.261044611,32859466.0532696,0.124421062180094,9.97553375621896,26496,1325,662,4528093,32988134,181,33.4948,17.1041619023024
"2020-12-11","Maharashtra",2206591.87801901,23025.6426682863,1771818.23162864,110167741.121981,0.0887859452685474,6.83205931775641,231739,11587,5793,19912066,112374333,585,23.41,57.3450243380873
"2020-12-11","Nagaland",15033.98413461,154.088037578055,10865.6520481894,1963468.01586539,0.056506887152367,3.98463231652816,2561,128,64,211983,1978502,15,75.67,1.02203349192926
"2020-12-12","Assam",267785.101694301,2748.29199353367,215974.35003129,30937790.8983057,0.103864894462594,8.16221606925571,24178,1209,604,4127732,31205576,153,56.274,16.1100334830986
"2020-12-12","Delhi",617619.473933401,6694.03516188023,530742.753905127,16170321.5260666,0.112020903043886,8.88168065130867,39455,1973,986,2343806,16787941,84,99.913,8.42026575438745
"2020-12-12","Jharkhand",131925.235596199,1377.35887500948,109165.025583505,32856208.7644038,0.111656357465748,8.84952305493039,26496,1325,662,4528093,32988134,181,33.4948,17.1089986696888
"2020-12-12","Maharashtra",2261211.64347599,23456.9168695642,1785387.82092785,110113121.356524,0.082649153861621,6.29071559297689,231739,11587,5793,19912066,112374333,585,23.41,57.3384854081243
"2020-12-12","Nagaland",15431.83771822,157.578611990986,11006.1394018764,1963070.16228178,0.0544441706387567,3.80267425952438,2561,128,64,211983,1978502,15,75.67,1.02221668470076
"2020-12-13","Assam",277503.298625801,2812.48555307732,217400.655813521,30928072.7013742,0.0916219095741984,7.08222774923184,24178,1209,604,4127732,31205576,153,56.274,16.1117325087987
"2020-12-13","Delhi",624613.286127299,6759.19301541708,533797.417342709,16163327.7138727,0.108233478535944,8.54758122467072,39455,1973,986,2343806,16787941,84,99.913,8.42015650611163
"2020-12-13","Jharkhand",135616.227915298,1403.44435462877,109822.054430177,32852517.7720847,0.10039129859652,7.85580035462073,26496,1325,662,4528093,32988134,181,33.4948,17.1142568014225
"2020-12-13","Maharashtra",2320955.137352,23928.9002207682,1800238.04556034,110053377.862648,0.0770414068342006,5.79604036904492,231739,11587,5793,19912066,112374333,585,23.41,57.3314284059461
"2020-12-13","Nagaland",15854.04964167,161.286471960777,11155.2591510627,1962647.95035833,0.0524973789716118,3.63094226106139,2561,128,64,211983,1978502,15,75.67,1.02242577772104
"2020-12-14","Assam",288773.4475592,2886.94584014125,219055.297528681,30916802.5524408,0.0810703935193257,6.15144867846716,24178,1209,604,4127732,31205576,153,56.274,16.1132944529082
"2020-12-14","Delhi",631919.3076989,6827.33462649906,536989.855289968,16156021.6923011,0.104603599126495,8.22737929670659,39455,1973,986,2343806,16787941,84,99.913,8.42023473397861
"2020-12-14","Jharkhand",139798.6489795,1433.00711343261,110566.651103176,32848335.3510205,0.0904507246699835,6.9789142167338,26496,1325,662,4528093,32988134,181,33.4948,17.1199754211673
"2020-12-14","Maharashtra",2386299.29018401,24445.3605973089,1816489.63936778,109988033.709816,0.0719182670704078,5.34411372230125,231739,11587,5793,19912066,112374333,585,23.41,57.3238312874223
"2020-12-14","Nagaland",16302.13519729,165.224279358407,11313.5522222318,1962199.86480271,0.0506613349056602,3.46897962169261,2561,128,64,211983,1978502,15,75.67,1.02266410452354
"2020-12-15","Assam",301842.273827601,2973.30840931583,220974.769848741,30903733.7261724,0.0719769524118137,5.34929052222812,24178,1209,604,4127732,31205576,153,56.274,16.1146618622873
"2020-12-15","Delhi",639551.6878583,6898.57941709774,540326.441056063,16148389.3121417,0.101127341375383,7.92072876966461,39455,1973,986,2343806,16787941,84,99.913,8.42053053173159
"2020-12-15","Jharkhand",144537.852797002,1466.50926993696,111410.486429983,32843596.147203,0.0816794609359219,6.20517623772063,26496,1325,662,4528093,32988134,181,33.4948,17.1261974667309
"2020-12-15","Maharashtra",2457763.545854,25010.4184676742,1834274.40725737,109916569.454146,0.0672385733772076,4.93130470750488,231739,11587,5793,19912066,112374333,585,23.41,57.3156747178446
"2020-12-15","Nagaland",16777.6925126,169.405631266314,11481.5896571867,1961724.3074874,0.0489306166476225,3.31630806970006,2561,128,64,211983,1978502,15,75.67,1.02293542140562
"2020-12-16","Assam",316995.290041201,3073.46774850996,223201.372231878,30888580.7099588,0.0641402718624009,4.65799476892321,24178,1209,604,4127732,31205576,153,55.632,16.1157648381372
"2020-12-16","Delhi",647525.033214301,6973.05497423776,543813.768470315,16140415.9667857,0.0978000001242492,7.62721458821985,39455,1973,986,2343806,16787941,76,54.7,8.421078020803
"2020-12-16","Jharkhand",149907.829752501,1504.47439797268,112366.780750555,32838226.1702475,0.0739402628541288,5.52247968856375,26496,1325,662,4528093,32988134,181,35.545,17.1329701299823
"2020-12-16","Maharashtra",2535913.70179801,25628.5757926138,1853736.28697767,109838419.298202,0.0629643899745757,4.5542669022179,231739,11587,5793,19912066,112374333,585,21.327,57.3069430487568
"2020-12-16","Nagaland",17282.40952022,173.845067612048,11659.9751883831,1961219.59047978,0.0472997625700369,3.1724458194799,2561,128,64,211983,1978502,15,75.769,1.02324396232067
"2020-12-17","Assam",334562.755085699,3189.61747772526,225784.124221922,30871013.2449143,0.0573867759966915,4.06224979980143,24178,1209,604,4127732,31205576,153,55.568,16.1165187788649
"2020-12-17","Delhi",655854.4589829,7050.89652929451,547458.676273196,16132086.5410171,0.0946164310681752,7.3463829586874,39455,1973,986,2343806,16787941,76,54.65,8.42191584765708
"2020-12-17","Jharkhand",155992.342984501,1547.4955739626,113450.509862877,32832141.6570155,0.0671118616294821,4.92012710589866,26496,1325,662,4528093,32988134,181,36.081,17.1403453254911
"2020-12-17","Maharashtra",2621365.782574,26304.7464671054,1875032.43469062,109752967.217426,0.0590608726140296,4.20992659674254,231739,11587,5793,19912066,112374333,585,20.8369,57.2976255480434
"2020-12-17","Nagaland",17818.07074985,178.558093418518,11849.3477684569,1960683.92925015,0.0457633967291547,3.03691864383102,2561,128,64,211983,1978502,15,75.797,1.02359449994355
"2020-12-18","Assam",354926.505943902,3324.29665296967,228779.823267657,30850649.4940561,0.0515668369498548,3.54885651776021,24178,1209,604,4127732,31205576,153,55.54,16.1168217530004
"2020-12-18","Delhi",664555.627965501,7132.24667285116,551268.267133544,16123385.3720345,0.0915712726377944,7.07776092187098,39455,1973,986,2343806,16787941,76,54.62,8.42308775852777
"2020-12-18","Jharkhand",162886.210648399,1596.24449031284,114678.638011103,32825247.7893516,0.061087167115594,4.38867176506276,26496,1325,662,4528093,32988134,181,36.6688,17.1483802219781
"2020-12-18","Maharashtra",2714790.267773,27044.2904282437,1898334.4267173,109659542.732227,0.055496082160091,3.89546634961478,231739,11587,5793,19912066,112374333,585,20.324,57.2877178508463
"2020-12-18","Nagaland",18386.56385157,183.561209727313,12050.3840173461,1960115.43614843,0.0443163047083957,2.90926656432048,2561,128,64,211983,1978502,15,75.829,1.02399241564738
"2020-12-19","Assam",378527.7808857,3480.44307243572,232254.267477698,30827048.2191143,0.0465514843067133,3.10643807774992,24178,1209,604,4127732,31205576,153,55.5658,16.1165514403201
"2020-12-19","Delhi",673644.787035801,7217.25518694198,555249.925900311,16114296.2129642,0.0886590971330428,6.82086968499847,39455,1973,986,2343806,16787941,76,54.54,8.42464325467792
"2020-12-19","Jharkhand",170696.7451334,1651.48171645945,116070.380134348,32817437.2548666,0.0557716474269176,3.91977474109694,26496,1325,662,4528093,32988134,181,37.31498,17.1571378452507
"2020-12-19","Maharashtra",2816916.65097199,27853.0511214151,1923829.57464011,109557416.349028,0.052240779815147,3.60830692381021,231739,11587,5793,19912066,112374333,585,19.79,57.2772236805617
"2020-12-19","Nagaland",18989.8862705899,188.871953276927,12263.8007445701,1959512.11372941,0.0429534771066298,2.78904768750816,2561,128,64,211983,1978502,15,75.865,1.02444377918963
"2020-12-20","Assam",405876.0886668,3661.45403626933,236283.657016723,30799699.9113332,0.0422295707084202,2.72518985692323,24178,1209,604,4127732,31205576,153,55.65,16.1155615959746
"2020-12-20","Delhi",683138.8021423,7306.07895204849,559411.337480898,16104802.1978577,0.0858745135019783,6.57523368813224,39455,1973,986,2343806,16787941,76,54.49,8.42663832952027
"2020-12-20","Jharkhand",179545.3846162,1714.06836376089,117647.500183708,32808588.6153838,0.0510818698484598,3.50607619826485,26496,1325,662,4528093,32988134,181,38.025,17.166687734956
"2020-12-20","Maharashtra",2928538.19287001,28737.3953919032,1951722.3225087,109445794.80713,0.0492682228984421,3.34608927183137,231739,11587,5793,19912066,112374333,585,19.2385,57.2661569012784
"2020-12-20","Nagaland",19630.1522379499,194.508943384961,12490.3576074302,1958871.84776205,0.0416701326237362,2.67584024138888,2561,128,64,211983,1978502,15,75.9,1.02495543827081
"2020-12-21","Assam",437559.312798999,3871.25606200763,240956.21159992,30768016.687201,0.0385053121321453,2.3966624757502,24178,1209,604,4127732,31205576,153,55.81,16.1136779396012
"2020-12-21","Delhi",693055.187657099,7398.88197635721,563760.502400851,16094885.8123429,0.0832122290898801,6.34038605123178,39455,1973,986,2343806,16787941,76,54.7,8.42913630382405
"2020-12-21","Jharkhand",189569.521999501,1784.97918999213,119434.646773415,32798564.4780005,0.0469442097097493,3.14108149617461,26496,1325,662,4528093,32988134,181,38.02,17.1771066771292
"2020-12-21","Maharashtra",3050516.887481,29704.2557093926,1982235.734688,109323816.112519,0.0465539679085788,3.10665716329407,231739,11587,5793,19912066,112374333,585,19.2385,57.2545439595434
"2020-12-21","Nagaland",20309.5996844801,200.49193490853,12730.8597620635,1958192.40031552,0.0404617267732105,2.56924334395636,2561,128,64,211983,1978502,15,75.9,1.02553511990211
"2020-12-22","Assam",474255.1628411,4114.38452249748,246374.031837868,30731320.8371589,0.0352961661899607,2.11357463676279,24178,1209,604,4127732,31205576,153,55.81,16.1106934156061
"2020-12-22","Delhi",703412.134511501,7495.8354739379,568305.752100974,16084528.8654885,0.0806670894885021,6.11587208936912,39455,1973,986,2343806,16787941,76,54.49,8.43220877681965
"2020-12-22","Jharkhand",200924.565542001,1865.31740191722,121459.732995931,32787209.434458,0.0432937024669051,2.81905992869139,26496,1325,662,4528093,32988134,181,38.8,17.1884795304052
"2020-12-22","Maharashtra",3183788.806945,30761.1762888518,2015613.13257104,109190544.193055,0.0440756803274197,2.88804040719166,231739,11587,5793,19912066,112374333,584,23.952,57.2424267313116
"2020-12-22","Nagaland",21030.5974608201,206.841876007665,12986.1606502777,1957471.40253918,0.0393239529412766,2.46887709663034,2561,128,64,211983,1978502,15,75.95,1.02619154585744
"2020-12-23","Assam",516744.065662298,4396.07411456953,252655.233269106,30688831.9343377,0.0325310059127573,1.86965202886967,24178,1209,604,4127732,31205576,153,56.065,16.1063627449692
"2020-12-23","Delhi",714228.5374752,7597.11797618092,573055.764132024,16073712.4625248,0.0782341034671784,5.90125151197206,39455,1973,986,2343806,16787941,76,54.23,8.43593669950293
"2020-12-23","Jharkhand",213786.2531907,1956.33132344161,123754.365084839,32774347.7468093,0.040073028425648,2.53495516348348,26496,1325,662,4528093,32988134,181,39.67,17.200900140785
"2020-12-23","Maharashtra",3329369.679768,31916.361906552,2052119.84575569,109044963.320232,0.0418129582109026,2.68843929034192,231739,11587,5793,19912066,112374333,584,23.264,57.2298658517002
"2020-12-23","Nagaland",21795.6528376001,213.580970593096,13257.1649154489,1956706.3471624,0.0382527383367249,2.37438222698043,2561,128,64,211983,1978502,15,76,1.02693456304274
"2020-12-24","Assam",565923.623468202,4722.36150856539,259936.392582593,30639652.3765318,0.0301485438371978,1.65948831160961,24178,1209,604,4127732,31205576,153,56.434,16.100396177362
"2020-12-24","Delhi",725524.021110499,7702.91548523777,578019.577058506,16062416.9788895,0.0759084563326785,5.69609960133485,39455,1973,986,2343806,16787941,77,62.468,8.44041158652921
"2020-12-24","Jharkhand",228353.2477521,2059.43313806552,126354.325774825,32759780.7522479,0.0372316156246095,2.2843061048216,26496,1325,662,4528093,32988134,181,40.62,17.2144723547419
"2020-12-24","Maharashtra",3488360.692818,33178.7294601566,2092045.08663594,108885972.307182,0.0397471690174823,2.50621018356257,231739,11587,5793,19912066,112374333,584,22.5659,57.2169445905879
"2020-12-24","Nagaland",22607.41928538,220.732745524533,13544.8314509425,1955894.58071462,0.0372442366533954,2.28541944146292,2561,128,64,211983,1978502,15,76.06,1.0277752907791
"2020-12-25","Assam",622824.725869499,5100.20128428226,268375.345085347,30582751.2741305,0.0280959739651976,1.47842531855681,24178,1209,604,4127732,31205576,160,99.89,16.0924523529584
"2020-12-25","Delhi",737318.965012999,7813.42165250181,583206.605361899,16050622.034987,0.0736855162117703,5.5000077668208,39455,1973,986,2343806,16787941,77,61.62,8.44573688018251
"2020-12-25","Jharkhand",244850.0638192,2176.22009834578,129300.123095571,32743283.9361808,0.0347248443661689,2.06317672299467,26496,1325,662,4528093,32988134,181,42.84,17.2293111204842
"2020-12-25","Maharashtra",3661954.412209,34557.9614921574,2135703.92497398,108712378.587791,0.0378612997835661,2.33985232522263,231739,11587,5793,19912066,112374333,584,21.15,57.2037733596792
"2020-12-25","Nagaland",23468.70456879,228.322121976591,13850.1765969069,1955033.29543121,0.0362948190447634,2.20166862926358,2561,128,64,211983,1978502,15,76.206,1.02872628669569
"2020-12-26","Assam",688629.325574599,5537.59595032506,278154.369199346,30516946.6744254,0.026327802560418,1.32244991857308,24178,1209,604,4127732,31205576,160,99.89,16.0821302464152
"2020-12-26","Delhi",749634.5285204,7928.83797559927,588626.654446441,16038306.4714796,0.0715608356570054,5.31258368651315,39455,1973,986,2343806,16787941,77,61.0885,8.45202950210007
"2020-12-26","Jharkhand",263530.322707798,2308.49819167038,132637.604995914,32724603.6772922,0.0325133497440973,1.86809452830074,26496,1325,662,4528093,32988134,181,44.129,17.2455437372303
"2020-12-26","Maharashtra",3851441.27474099,36064.5660464376,2183439.53531494,108522891.725259,0.0361398154372451,2.18799532269599,231739,11587,5793,19912066,112374333,584,20.467,57.1904947786224
"2020-12-26","Nagaland",24382.4791412,236.375490653375,14174.277483813,1954119.5208588,0.0354010642332338,2.12282798981037,2561,128,64,211983,1978502,15,76.29,1.02980173563204
"2020-12-27","Assam",764689.923950501,6043.74148169977,289483.814127875,30440886.0760495,0.0248048388099582,1.18810497922131,24178,1209,604,4127732,31205576,NA,NA,16.06896004031
"2020-12-27","Delhi",762492.6749135,8049.37401100465,594289.935783902,16025448.3250865,0.0695301500756351,5.13345116862534,39455,1973,986,2343806,16787941,NA,NA,8.45942158584125
"2020-12-27","Jharkhand",284680.3924319,2458.30871655509,136418.652558784,32703453.6075681,0.03056240410959,1.69599609662934,26496,1325,662,4528093,32988134,NA,NA,17.2633111890132
"2020-12-27","Maharashtra",4058215.95361499,37709.9365534839,2235625.49833312,108316117.046385,0.034568533251632,2.04938807753536,231739,11587,5793,19912066,112374333,NA,NA,57.1772895240827
"2020-12-27","Nagaland",25351.88483126,244.920790670169,14518.2755243627,1953150.11516874,0.0345597482687877,2.04861312935484,2561,128,64,211983,1978502,NA,NA,1.03101766075287
"2020-12-28","Assam",852550.650688902,6629.18877106746,302606.212549058,30353025.3493111,0.0234933260157792,1.07241272670388,24178,1209,604,4127732,31205576,NA,NA,16.0523928804432
"2020-12-28","Delhi",775916.1951914,8175.24759766895,600207.082260805,16012024.8048086,0.067589374164823,4.96224983704096,39455,1973,986,2343806,16787941,NA,NA,8.4680624096017
"2020-12-28","Jharkhand",308623.4570009,2627.9581402423,140701.962473202,32679510.5429991,0.0288413709185328,1.54417889178438,26496,1325,662,4528093,32988134,NA,NA,17.2827695539322
"2020-12-28","Maharashtra",4283783.56524201,39506.4118778283,2292668.1770513,108090549.434758,0.0331345087269733,1.92288871881058,231739,11587,5793,19912066,112374333,NA,NA,57.1643829971328
"2020-12-28","Nagaland",26380.2445326,253.987598343034,14883.3803422108,1952121.7554674,0.0337678338717682,1.97875612086907,2561,128,64,211983,1978502,NA,NA,1.03239215889016
"2020-12-29","Assam",953969.6817936,7306.02093232668,317800.918020167,30251606.3182064,0.0223641938150331,0.972808782103374,24178,1209,604,4127732,31205576,NA,NA,16.0317895453812
"2020-12-29","Delhi",789928.731423199,8306.68508867257,606389.163759555,15998012.2685768,0.0657345971003007,4.79863470689154,39455,1973,986,2343806,16787941,NA,NA,8.47812057106843
"2020-12-29","Jharkhand",335724.040159401,2820.05146289767,145553.926622325,32652409.9598406,0.0273232238387893,1.41025884457798,26496,1325,662,4528093,32988134,NA,NA,17.3040915288729
"2020-12-29","Maharashtra",4529766.221237,41467.342034531,2355009.36174256,107844566.778763,0.0318259272594512,1.80745504690732,231739,11587,5793,19912066,112374333,NA,NA,57.1520526885014
"2020-12-29","Nagaland",27471.0711672599,263.607210205535,15270.873453039,1951030.92883274,0.0330224607942343,1.91300465379344,2561,128,64,211983,1978502,NA,NA,1.03394566617613
"2020-12-30","Assam",1070942.6140888,8088.04600525434,335389.303958693,30134633.3859112,0.0213924135497373,0.887085296718376,24178,1209,604,4127732,31205576,NA,NA,16.0064080045271
"2020-12-30","Delhi",804554.799639501,8443.92158863352,612847.702988368,15983386.2003605,0.0639620769732636,4.64227569381934,39455,1973,986,2343806,16787941,NA,NA,8.48978640425437
"2020-12-30","Jharkhand",366393.024744201,3037.52947565498,151049.620688559,32621740.9752558,0.0259841224204865,1.2921329215063,26496,1325,662,4528093,32988134,NA,NA,17.3274680060342
"2020-12-30","Maharashtra",4797909.431549,43607.1545914139,2423129.0518949,107576423.568451,0.0306320069600344,1.7021359609031,231739,11587,5793,19912066,112374333,NA,NA,57.140636332065
"2020-12-30","Nagaland",28628.07755255,273.812734986408,15682.1123567784,1949873.92244745,0.0323209360099633,1.85112116866898,2561,128,64,211983,1978502,NA,NA,1.03570125311939
"2020-12-31","Assam",1205726.2069227,8991.00462416353,355740.609418606,29999849.7930773,0.0205564433276467,0.81334199931372,24178,1209,604,4127732,31205576,NA,NA,15.9753899223378
"2020-12-31","Delhi",819819.8122069,8587.20119468771,619594.691569142,15968121.1877931,0.0622682348207823,4.49285708738312,39455,1973,986,2343806,16787941,NA,NA,8.50327465176191
"2020-12-31","Jharkhand",401093.2011941,3283.71025058042,157273.913256287,32587040.7988059,0.0248030378500517,1.18794611145485,26496,1325,662,4528093,32988134,NA,NA,17.3531096577752
"2020-12-31","Maharashtra",5090088.205688,45941.4212422525,2497548.36595442,107284244.794312,0.0295429102932299,1.60606366397159,231739,11587,5793,19912066,112374333,NA,NA,57.1305408171801
"2020-12-31","Nagaland",29855.18685677,284.639191681535,16118.534921429,1948646.81314323,0.0316607242352452,1.79288202094989,2561,128,64,211983,1978502,NA,NA,1.03768495094491
"2021-01-01","Assam",1360861.4645784,10032.7869230302,379278.356096836,29844714.5354216,0.0198377511216515,0.749944127369713,24178,1209,604,4127732,31205576,NA,NA,NA
"2021-01-01","Delhi",835750.099598899,8736.77723918463,626642.606381992,15952190.9004011,0.0606496484760522,4.35007700857117,39455,1973,986,2343806,16787941,NA,NA,NA
"2021-01-01","Jharkhand",440345.390527502,3562.33531098192,164322.710888002,32547788.6094725,0.0237614225787957,1.09606228270152,26496,1325,662,4528093,32988134,NA,NA,NA
"2021-01-01","Maharashtra",5408312.78561699,48486.9248682267,2578832.60227955,106966020.214383,0.028549662891974,1.51844650181475,231739,11587,5793,19912066,112374333,NA,NA,NA
"2021-01-01","Nagaland",31156.54314424,296.123609248002,16581.6638691241,1947345.45685576,0.0310394390624865,1.73807669887363,2561,128,64,211983,1978502,NA,NA,NA
"2021-01-02","Assam",1539194.8185001,11233.6577516514,406487.448408603,29666381.1814999,0.0192204025086063,0.695486060358316,24178,1209,604,4127732,31205576,NA,NA,NA
"2021-01-02","Delhi",852372.9314589,8892.91253240114,634004.426157296,15935568.0685411,0.0591030463877098,4.21364686458582,39455,1973,986,2343806,16787941,NA,NA,NA
"2021-01-02","Jharkhand",484735.142293502,3877.62064824699,172304.347537165,32503398.8577065,0.022842919399893,1.01503851977423,26496,1325,662,4528093,32988134,NA,NA,NA
"2021-01-02","Maharashtra",5754733.818031,51261.7255521218,2667594.43933151,106619599.181969,0.0276440796548403,1.43856244348835,231739,11587,5793,19912066,112374333,NA,NA,NA
"2021-01-02","Nagaland",32536.52248807,308.305132368406,17073.1115692543,1945965.47751193,0.0304548344582202,1.6865070734763,2561,128,64,211983,1978502,NA,NA,NA
"2021-01-03","Assam",1743895.5567375,12616.4799567036,437921.881986202,29461680.4432625,0.0186907077623228,0.648760188818076,24178,1209,604,4127732,31205576,NA,NA,NA
"2021-01-03","Delhi",869716.536824601,9055.87960362105,641693.648299783,15918224.4631754,0.0576253015068288,4.08329080959802,39455,1973,986,2343806,16787941,NA,NA,NA
"2021-01-03","Jharkhand",534920.068773299,4234.31325649714,181341.142188069,32453213.9312267,0.0220331041989188,0.943602430748351,26496,1325,662,4528093,32988134,NA,NA,NA
"2021-01-03","Maharashtra",6131646.73659,54285.2243776112,2764497.25933412,106242686.26341,0.0268186972905041,1.36575313095855,231739,11587,5793,19912066,112374333,NA,NA,NA
"2021-01-03","Nagaland",33999.7440615799,321.225127780808,17594.584897931,1944502.25593842,0.0299047968354382,1.6379866992707,2561,128,64,211983,1978502,NA,NA,NA
"2021-01-04","Assam",1978466.9797365,14206.9274501399,474213.07110533,29227109.0202635,0.0182369184809531,0.60873015299766,24178,1209,604,4127732,31205576,NA,NA,NA
"2021-01-04","Delhi",887810.094334399,9225.96064149916,649724.28972387,15900130.9056656,0.0562134269310273,3.95874536050173,39455,1973,986,2343806,16787941,NA,NA,NA
"2021-01-04","Jharkhand",591637.7969855,4637.75327652055,191571.134591872,32396496.2030145,0.0213192594728247,0.880632168715032,26496,1325,662,4528093,32988134,NA,NA,NA
"2021-01-04","Maharashtra",6541495.092666,57578.223527954,2870258.57632498,105832837.907334,0.0260667127363532,1.29941844683335,231739,11587,5793,19912066,112374333,NA,NA,NA
"2021-01-04","Nagaland",35551.08174931,334.927296552625,18147.8904141197,1942950.91825069,0.0293873374628658,1.59234014464702,2561,128,64,211983,1978502,NA,NA,NA
"2021-01-05","Assam",2246748.4918467,16033.6706885237,516078.508295081,28958827.5081533,0.0178489653268947,0.574507708151177,24178,1209,604,4127732,31205576,NA,NA,NA
"2021-01-05","Delhi",906683.8958422,9403.44921780794,658110.985263401,15881257.1041578,0.0548645619428644,3.83975816532142,39455,1973,986,2343806,16787941,NA,NA,NA
"2021-01-05","Jharkhand",655714.527180601,5093.94200584902,203150.015107418,32332419.4728194,0.0206901746900564,0.825138820982615,26496,1325,662,4528093,32988134,NA,NA,NA
"2021-01-05","Maharashtra",6986872.53554399,61162.9807450455,2985653.54456506,105387460.464456,0.0253819270414659,1.23901156412137,231739,11587,5793,19912066,112374333,NA,NA,NA
"2021-01-05","Nagaland",37195.67638434,349.457793222289,18734.9399064531,1941306.32361566,0.0289005852484609,1.54940235528479,2561,128,64,211983,1978502,NA,NA,NA
"2021-01-06","Assam",2552903.9646714,18128.5174175604,564330.703704024,28652672.0353286,0.0175182332383286,0.545332895312274,24178,1209,604,4127732,31205576,NA,NA,NA
"2021-01-06","Delhi",926369.1008412,9588.64782567518,666868.858960855,15861571.8991588,0.053575981461815,3.72608883699749,39455,1973,986,2343806,16787941,NA,NA,NA
"2021-01-06","Jharkhand",728074.172251601,5609.61601358356,216253.266833762,32260059.8277484,0.0201359701788931,0.776250873769006,26496,1325,662,4528093,32988134,NA,NA,NA
"2021-01-06","Maharashtra",7470523.089535,65063.2560016252,3111518.51398684,104903809.910465,0.0247586941913278,1.18403443191546,231739,11587,5793,19912066,112374333,NA,NA,NA
"2021-01-06","Nagaland",38938.9479165899,364.865345387925,19357.7560331227,1939563.05208341,0.0284427800477793,1.50901806386489,2561,128,64,211983,1978502,NA,NA,NA
"2021-01-07","Assam",2901392.7342166,20526.4896872021,619886.393338348,28304183.2657834,0.0172373700425929,0.520557158538579,24178,1209,604,4127732,31205576,NA,NA,NA
"2021-01-07","Delhi",946897.9715645,9781.87034546643,676013.663587762,15841043.0284355,0.0523450778080784,3.6175073447202,39455,1973,986,2343806,16787941,NA,NA,NA
"2021-01-07","Jharkhand",809748.0085974,6192.32734830906,231078.535411406,32178385.9914026,0.0196479419367306,0.733200522389671,26496,1325,662,4528093,32988134,NA,NA,NA
"2021-01-07","Maharashtra",7995339.329466,69304.3478045002,3248754.59139642,104378993.670534,0.0241918744600683,1.13403366046148,231739,11587,5793,19912066,112374333,NA,NA,NA
"2021-01-07","Nagaland",40786.60791752,381.201377889874,20018.4782464451,1937715.39208248,0.0280122663185533,1.47104123032206,2561,128,64,211983,1978502,NA,NA,NA
"2021-01-08","Assam",3296916.7891714,23265.7938678969,683775.221169327,27908659.2108286,0.0170001224607136,0.499628878407614,24178,1209,604,4127732,31205576,NA,NA,NA
"2021-01-08","Delhi",968303.8138851,9983.44152780406,685561.759256453,15819637.1861149,0.0511693600079389,3.51379395265366,39455,1973,986,2343806,16787941,NA,NA,NA
"2021-01-08","Jharkhand",901884.727980599,6850.52967225321,247848.241245689,32086249.2720194,0.0192184248882829,0.695311608876895,26496,1325,662,4528093,32988134,NA,NA,NA
"2021-01-08","Maharashtra",8564358.007283,73913.116108857,3398331.15645671,103809974.992717,0.0236767919172949,1.08859677271601,231739,11587,5793,19912066,112374333,NA,NA,NA
"2021-01-08","Nagaland",42744.67231492,398.52014068184,20719.3689771078,1935757.32768508,0.0276074871421896,1.43533451446423,2561,128,64,211983,1978502,NA,NA,NA
"2021-01-09","Assam",3744338.1636738,26387.6551123374,757147.622670662,27461237.8363262,0.0168011947959029,0.482080906529544,24178,1209,604,4127732,31205576,NA,NA,NA
"2021-01-09","Delhi",990620.8774084,10193.6960060514,695530.062974053,15797320.1225916,0.0500464518831635,3.41473905139614,39455,1973,986,2343806,16787941,NA,NA,NA
"2021-01-09","Jharkhand",1005760.7250385,7593.66989729271,266812.447028523,31982373.2749615,0.0188406724338002,0.661988996587444,26496,1325,662,4528093,32988134,NA,NA,NA
"2021-01-09","Maharashtra",9180752.63099299,78917.9884175737,3561289.26955328,103193580.369007,0.0232091957230335,1.04734879006363,231739,11587,5793,19912066,112374333,NA,NA,NA
"2021-01-09","Nagaland",44819.47429352,416.878839951082,21462.8200739278,1933682.52570648,0.0272269786007061,1.40176877994625,2561,128,64,211983,1978502,NA,NA,NA
"2021-01-10","Assam",4248559.821869,29935.9674001107,841281.247664904,26957016.178131,0.01663612916981,0.467520000848229,24178,1209,604,4127732,31205576,NA,NA,NA
"2021-01-10","Delhi",1013884.5935785,10412.9808794141,705936.202580885,15774056.4064215,0.0489740795704989,3.32014205703961,39455,1973,986,2343806,16787941,NA,NA,NA
"2021-01-10","Jharkhand",1122790.3847613,8432.28454428584,288251.990253958,31865343.6152387,0.0185087504056891,0.632709215816139,26496,1325,662,4528093,32988134,NA,NA,NA
"2021-01-10","Maharashtra",9847822.452277,84348.9451547846,3738744.8962068,102526510.547723,0.022785224891536,1.00994912403267,231739,11587,5793,19912066,112374333,NA,NA,NA
"2021-01-10","Nagaland",47017.67730348,436.337772206318,22251.3595001693,1931484.32269652,0.0268693644849579,1.37022262746755,2561,128,64,211983,1978502,NA,NA,NA
"2021-01-11","Assam",4814366.2451286,33956.7209292197,937585.030031997,26391209.7548714,0.0165012005906698,0.455617569305819,24178,1209,604,4127732,31205576,NA,NA,NA
"2021-01-11","Delhi",1038131.4850557,10641.654862287,716798.477052493,15749809.5149443,0.0479500712213458,3.22981138467713,39455,1973,986,2343806,16787941,NA,NA,NA
"2021-01-11","Jharkhand",1254536.0461423,9378.09960522265,312481.88564167,31733597.9538577,0.018217443754212,0.607012232277531,26496,1325,662,4528093,32988134,NA,NA,NA
"2021-01-11","Maharashtra",10568977.279265,90237.4799349031,3931891.85854962,101805355.720735,0.0224013762298951,0.976088748069779,231739,11587,5793,19912066,112374333,NA,NA,NA
"2021-01-11","Nagaland",49346.2881086101,456.960460927099,23087.6582858472,1929155.71189139,0.0265333513173972,1.3405819557157,2561,128,64,211983,1978502,NA,NA,NA
"2021-01-12","Assam",5446211.6678334,38497.1177702063,1047600.12468165,25759364.3321666,0.0163933356813539,0.446102500614358,24178,1209,604,4127732,31205576,NA,NA,NA
"2021-01-12","Delhi",1063399.0937647,10880.0876021191,728135.827723903,15724541.9062353,0.0469723546880729,3.14356424430619,39455,1973,986,2343806,16787941,NA,NA,NA
"2021-01-12","Jharkhand",1402717.2105232,10444.1321135654,339854.995706337,31585416.7894768,0.0179621744902097,0.584494208601384,26496,1325,662,4528093,32988134,NA,NA,NA
"2021-01-12","Maharashtra",11347717.566185,96616.5303286222,4142004.41477893,101026615.433815,0.0220544751169624,0.945487619865692,231739,11587,5793,19912066,112374333,NA,NA,NA
"2021-01-12","Nagaland",51812.6697944901,478.813795291174,23974.5377335795,1926689.33020551,0.0262177236722938,1.31273954854983,2561,128,64,211983,1978502,NA,NA,NA
"2021-01-13","Assam",6147967.2759474,43604.3915634048,1172996.13620293,25057608.7240526,0.016310032463381,0.438754088176444,24178,1209,604,4127732,31205576,NA,NA,NA
"2021-01-13","Delhi",1089726.0350106,11128.6603830219,739967.887479889,15698214.9649894,0.0460389513168364,3.06122609327558,39455,1973,986,2343806,16787941,NA,NA,NA
"2021-01-13","Jharkhand",1569218.4316968,11644.7909043452,370765.958756874,31418915.5683032,0.0177389295978046,0.564801145308374,26496,1325,662,4528093,32988134,NA,NA,NA
"2021-01-13","Maharashtra",12187608.906446,103520.372345384,4370439.32467999,100186724.093554,0.0217416491279441,0.917892354706144,231739,11587,5793,19912066,112374333,NA,NA,NA
"2021-01-13","Nagaland",54424.5546438701,501.968170409319,24914.9768733186,1924077.44535613,0.0259213397764738,1.28659468692936,2561,128,64,211983,1978502,NA,NA,NA
"2021-01-14","Assam",6922614.7561599,49324.2270481833,1315561.66680006,24282961.2438401,0.0162492995625044,0.433396667238176,24178,1209,604,4127732,31205576,NA,NA,NA
"2021-01-14","Delhi",1117152.0024526,11387.7663271544,752315.001873082,15670788.9975474,0.0451479715204594,2.98263024575669,39455,1973,986,2343806,16787941,NA,NA,NA
"2021-01-14","Jharkhand",1756095.1865202,12995.9732009219,405655.350082371,31232038.8134798,0.0175441977109852,0.547623294872537,26496,1325,662,4528093,32988134,NA,NA,NA
"2021-01-14","Maharashtra",13092250.5841185,110984.474611777,4618637.27925379,99282082.4158815,0.0214603039437598,0.893074100368343,231739,11587,5793,19912066,112374333,NA,NA,NA
"2021-01-14","Nagaland",57190.0567727999,526.497628388989,25912.120158885,1921311.9432272,0.0256431273750118,1.26205278421497,2561,128,64,211983,1978502,NA,NA,NA
"2021-01-15","Assam",7771910.5736196,55698.8252296029,1477188.06932502,23433665.4263804,0.0162096001122381,0.429894666460603,24178,1209,604,4127732,31205576,NA,NA,NA
"2021-01-15","Delhi",1145717.754656,11657.8103610655,765198.241117248,15642223.245344,0.04429761155336,2.90761758825078,39455,1973,986,2343806,16787941,NA,NA,NA
"2021-01-15","Jharkhand",1965576.8613275,14515.1527152462,445014.038109088,31022557.1386725,0.0173749135051433,0.53269025634146,26496,1325,662,4528093,32988134,NA,NA,NA
"2021-01-15","Maharashtra",14065237.6519117,119045.306796802,4888123.55467612,98309095.3480883,0.0212081014266008,0.870826603103957,231739,11587,5793,19912066,112374333,NA,NA,NA
"2021-01-15","Nagaland",60117.6844057599,552.479999432949,26969.2853964062,1918384.31559424,0.0253820798470656,1.23902504353546,2561,128,64,211983,1978502,NA,NA,NA
"2021-01-16","Assam",8696010.658938,62764.4921156873,1659843.77811147,22509565.341062,0.0161898114416614,0.428149051866909,24178,1209,604,4127732,31205576,NA,NA,NA
"2021-01-16","Delhi",1175465.1041004,11939.2092595728,778639.415594599,15612475.8958996,0.0434861497424139,2.83603624710268,39455,1973,986,2343806,16787941,NA,NA,NA
"2021-01-16","Jharkhand",2200065.5432571,16221.452773682,489387.686627455,30788068.4567429,0.0172284096137038,0.519766733766284,26496,1325,662,4528093,32988134,NA,NA,NA
"2021-01-16","Maharashtra",15110115.7402562,127740.095079354,5180507.67859799,97264217.2597438,0.0209829397700277,0.850964456623118,231739,11587,5793,19912066,112374333,NA,NA,NA
"2021-01-16","Nagaland",63216.3516510201,579.997042051542,28089.9718915424,1915285.64834898,0.0251372525578052,1.21742813598108,2561,128,64,211983,1978502,NA,NA,NA
"2021-01-17","Assam",9693124.5200086,70549.0001513814,1865540.07961002,21512451.4799914,0.0161891814431345,0.428093477915219,24178,1209,604,4127732,31205576,NA,NA,NA
"2021-01-17","Delhi",1206436.9016321,12232.3916505464,792661.090717467,15581504.0983679,0.0427119429637089,2.76774127770537,39455,1973,986,2343806,16787941,NA,NA,NA
"2021-01-17","Jharkhand",2462129.7249009,18135.6981996199,539381.295491175,30526004.2750991,0.0171023739581262,0.508648772160423,26496,1325,662,4528093,32988134,NA,NA,NA
"2021-01-17","Maharashtra",16230328.3185849,137106.518961611,5497481.9360058,96144004.6814151,0.0207829355726834,0.833321520765833,231739,11587,5793,19912066,112374333,NA,NA,NA
"2021-01-17","Nagaland",66495.3896196201,609.134581325666,29277.8687987676,1912006.61038038,0.0249077594332329,1.19718389845868,2561,128,64,211983,1978502,NA,NA,NA
"2021-01-18","Assam",10759197.4663705,79068.7014533197,2096286.12439128,20446378.5336295,0.0162072934525301,0.429691189484561,24178,1209,604,4127732,31205576,NA,NA,NA
"2021-01-18","Delhi",1238677.0161887,12537.7979765842,807286.600996476,15549263.9838113,0.0419734233294111,2.70259437223904,39455,1973,986,2343806,16787941,NA,NA,NA
"2021-01-18","Jharkhand",2754491.1637359,20280.4368919202,595663.689368922,30233642.8362641,0.0169948127241483,0.499160491529311,26496,1325,662,4528093,32988134,NA,NA,NA
"2021-01-18","Maharashtra",17429156.2528029,147182.34465116,5840818.51437502,94945176.7471971,0.0206064075839397,0.817749487659654,231739,11587,5793,19912066,112374333,NA,NA,NA
"2021-01-18","Nagaland",69964.5567115999,639.982644002574,30536.8636518796,1908537.4432884,0.0246927697454427,1.17821905011038,2561,128,64,211983,1978502,NA,NA,NA
"2021-01-19","Assam",11887674.7745177,88325.5726428068,2354033.03621217,19317901.2254823,0.016244035879823,0.432932342903224,24178,1209,604,4127732,31205576,NA,NA,NA
"2021-01-19","Delhi",1272230.3080531,12855.8804140457,822540.063524354,15515710.6919469,0.0412690950656376,2.64046358425946,39455,1973,986,2343806,16787941,NA,NA,NA
"2021-01-19","Jharkhand",3080003.0749529,22679.9204693343,658971.785424872,29908130.9250471,0.016904018028943,0.491151234698916,26496,1325,662,4528093,32988134,NA,NA,NA
"2021-01-19","Maharashtra",18709649.6021853,158004.990471149,6212365.06237313,93664683.3978147,0.020451861955266,0.804116580701115,231739,11587,5793,19912066,112374333,NA,NA,NA
"2021-01-19","Nagaland",73634.04787167,672.635589037427,31871.0510503302,1904867.95212833,0.02449150509659,1.160464926261,2561,128,64,211983,1978502,NA,NA,NA
"2021-01-20","Assam",13069402.5496932,98304.4559741775,2640609.24669825,18136173.4503068,0.0162995767658306,0.437831761526925,24178,1209,604,4127732,31205576,NA,NA,NA
"2021-01-20","Delhi",1307142.5994998,13187.1027575774,838446.389027801,15480798.4005002,0.0405975312479468,2.58122304072632,39455,1973,986,2343806,16787941,NA,NA,NA
"2021-01-20","Jharkhand",3441618.010325,25360.0308961576,730114.471252496,29546515.989675,0.0168285403249253,0.484493132977442,26496,1325,662,4528093,32988134,NA,NA,NA
"2021-01-20","Maharashtra",20074551.9565766,169611.020308586,6614038.43441189,92299781.0434234,0.0203179789266558,0.792306380127762,231739,11587,5793,19912066,112374333,NA,NA,NA
"2021-01-20","Nagaland",77514.5025945599,707.192232009451,33284.7414708441,1900987.49740544,0.0243032365905386,1.14385722892107,2561,128,64,211983,1978502,NA,NA,NA
"2021-01-21","Assam",14292704.6449671,108970.817535776,2957647.27291375,16912871.3550329,0.0163743349199248,0.444426389714772,24178,1209,604,4127732,31205576,NA,NA,NA
"2021-01-21","Delhi",1343460.6320951,13531.9402267733,855031.294479674,15444480.3679049,0.0399573712820204,2.52475271976704,39455,1973,986,2343806,16787941,NA,NA,NA
"2021-01-21","Jharkhand",3842343.3028767,28348.1393219777,809975.827487585,29145790.6971233,0.0167671643592706,0.479078985476536,26496,1325,662,4528093,32988134,NA,NA,NA
"2021-01-21","Maharashtra",21526218.0164685,182035.564453814,7047816.4196616,90848114.9835315,0.020203600759779,0.782216758567449,231739,11587,5793,19912066,112374333,NA,NA,NA
"2021-01-21","Nagaland",81617.0114356601,743.755961642509,34782.4701680965,1896884.98856434,0.024127282181799,1.12833579292913,2561,128,64,211983,1978502,NA,NA,NA
"2021-01-22","Assam",15543657.529626,120269.280459564,3306506.64421876,15661918.470374,0.0164689570315992,0.452773273775795,24178,1209,604,4127732,31205576,NA,NA,NA
"2021-01-22","Delhi",1381232.0243149,13890.8792410598,872321.311269405,15406708.9756851,0.0393473178874496,2.47093818460806,39455,1973,986,2343806,16787941,NA,NA,NA
"2021-01-22","Jharkhand",4285182.283025,31672.8820836633,899517.409961447,28702951.716975,0.0167188882990981,0.47482041768458,26496,1325,662,4528093,32988134,NA,NA,NA
"2021-01-22","Maharashtra",23066525.4182437,195311.666702576,7515727.20961116,89307807.5817563,0.0201077208820617,0.773758923406824,231739,11587,5793,19912066,112374333,NA,NA,NA
"2021-01-22","Nagaland",85953.12075776,782.434846445835,36369.0061219147,1892548.87924224,0.0239630041919907,1.11384436687191,2561,128,64,211983,1978502,NA,NA,NA
"2021-01-23","Assam",16806587.1816494,132123.260258461,3688196.26846397,14398988.8183506,0.0165842942085983,0.462947492331077,24178,1209,604,4127732,31205576,NA,NA,NA
"2021-01-23","Delhi",1420505.219331,14264.4171290092,890343.793028416,15367435.780669,0.0387661344500411,2.41967035001426,39455,1973,986,2343806,16787941,NA,NA,NA
"2021-01-23","Jharkhand",4773059.3744517,35363.8356213221,999779.250669264,28215074.6255483,0.0166829061992823,0.471646334902868,26496,1325,662,4528093,32988134,NA,NA,NA
"2021-01-23","Maharashtra",24696782.4111911,209469.561982489,8019836.4210265,87677550.5888089,0.0200294740541306,0.766856549433899,231739,11587,5793,19912066,112374333,NA,NA,NA
"2021-01-23","Nagaland",90534.83541806,823.341729261789,38049.3609815133,1887967.16458194,0.0238098069846421,1.10033040797177,2561,128,64,211983,1978502,NA,NA,NA
"2021-01-24","Assam",18064756.9589207,144435.949313434,4103301.8595508,13140819.0410793,0.0167213782457771,0.475040062922671,24178,1209,604,4127732,31205576,NA,NA,NA
"2021-01-24","Delhi",1461329.4234459,14653.0617697035,909126.922020339,15326611.5765541,0.0382126425509989,2.37084526433113,39455,1973,986,2343806,16787941,NA,NA,NA
"2021-01-24","Jharkhand",5308728.386781,39451.0771714827,1111879.18276918,27679405.613219,0.0166585925621514,0.469501560212876,26496,1325,662,4528093,32988134,NA,NA,NA
"2021-01-24","Maharashtra",26417632.8252008,224535.88324114,8562231.29341334,85956700.1747992,0.0199681276194908,0.761445006947333,231739,11587,5793,19912066,112374333,NA,NA,NA
"2021-01-24","Nagaland",95374.6190724701,866.594307264394,39828.7979496438,1883127.38092753,0.023667134789686,1.08774489017939,2561,128,64,211983,1978502,NA,NA,NA
"2021-01-25","Assam",19301201.1407198,157092.760898288,4551924.62625354,11904374.8592802,0.0168813987568137,0.489155924737354,24178,1209,604,4127732,31205576,NA,NA,NA
"2021-01-25","Delhi",1503754.5375396,15057.331162131,928699.713169057,15284186.4624604,0.0376857195726553,2.32436389827939,39455,1973,986,2343806,16787941,NA,NA,NA
"2021-01-25","Jharkhand",5894662.5599664,43964.6105826271,1237009.98942153,27093471.4400336,0.0166454896445717,0.468345714798264,26496,1325,662,4528093,32988134,NA,NA,NA
"2021-01-25","Maharashtra",28228962.8440385,240532.830225056,9145002.58515199,84145370.1559615,0.0199230733380416,0.757470641367707,231739,11587,5793,19912066,112374333,NA,NA,NA
"2021-01-25","Nagaland",100485.39174607,912.315194696113,41712.8405412061,1878016.60825393,0.0235344696695267,1.07604212475471,2561,128,64,211983,1978502,NA,NA,NA
"2021-01-26","Assam",20499616.7542263,169965.083432906,5033635.49113242,10705959.2457737,0.0170656837891737,0.505412228597753,24178,1209,604,4127732,31205576,NA,NA,NA
"2021-01-26","Delhi",1547831.0793655,15477.7529213597,949092.015919072,15240109.9206345,0.0371842964031893,2.28013194248193,39455,1973,986,2343806,16787941,NA,NA,NA
"2021-01-26","Jharkhand",6532927.7752755,48933.6481468287,1376433.92373892,26455206.2247245,0.016643296622623,0.468152262130335,26496,1325,662,4528093,32988134,NA,NA,NA
"2021-01-26","Maharashtra",30129813.8646948,257477.312464852,9770223.80990974,82244519.1353052,0.0198938195437389,0.75489008144288,231739,11587,5793,19912066,112374333,NA,NA,NA
"2021-01-26","Nagaland",105880.52429068,960.631965362351,43707.2811418144,1872621.47570932,0.0234113296190319,1.06517959266194,2561,128,64,211983,1978502,NA,NA,NA
"2021-01-27","Assam",21645234.3533847,182915.353285532,5547451.73792401,9560341.64661527,0.0172756757410441,0.523936212527039,24178,1209,604,4127732,31205576,NA,NA,NA
"2021-01-27","Delhi",1593610.0963483,15914.8636944223,970334.513646419,15194330.9036517,0.0367073552449293,2.23805961412777,39455,1973,986,2343806,16787941,NA,NA,NA
"2021-01-27","Jharkhand",7225041.1859304,54385.7418732901,1531474.09577314,25763092.8140696,0.0166518603600055,0.468907693622995,26496,1325,662,4528093,32988134,NA,NA,NA
"2021-01-27","Maharashtra",32118296.5493031,275380.023610145,10439926.7492638,80256036.4506969,0.0198799855892917,0.753669749198827,231739,11587,5793,19912066,112374333,NA,NA,NA
"2021-01-27","Nagaland",111573.82932206,1011.67717162559,45818.1892820216,1866928.17067794,0.0232972667922623,1.05511778814426,2561,128,64,211983,1978502,NA,NA,NA
"2021-01-28","Assam",22725553.7711798,195802.792054679,6091837.54319073,8480022.22882022,0.0175129139168619,0.544863662922714,24178,1209,604,4127732,31205576,NA,NA,NA
"2021-01-28","Delhi",1641143.068563,16369.2084884228,992458.720432825,15146797.931437,0.0362539275376485,2.19806147378026,39455,1973,986,2343806,16787941,NA,NA,NA
"2021-01-28","Jharkhand",7971819.2390289,60345.7647339817,1703502.20177473,25016314.7609711,0.0166711675141072,0.470610832286707,26496,1325,662,4528093,32988134,NA,NA,NA
"2021-01-28","Maharashtra",34191521.2230053,294244.559932901,11156074.9857489,78182811.7769947,0.0198812954656844,0.753785297099743,231739,11587,5793,19912066,112374333,NA,NA,NA
"2021-01-28","Nagaland",117579.54820259,1065.58833635675,48051.9195323876,1860922.45179741,0.0231918658491703,1.04582007288147,2561,128,64,211983,1978502,NA,NA,NA
"2021-01-29","Assam",23730878.7784473,208489.454345417,6664730.34030323,7474697.22155266,0.0177790175282042,0.568337415017127,24178,1209,604,4127732,31205576,NA,NA,NA
"2021-01-29","Delhi",1690481.8012913,16841.339907974,1015496.97489471,15097459.1987087,0.0358230919721048,2.1600562501457,39455,1973,986,2343806,16787941,NA,NA,NA
"2021-01-29","Jharkhand",8773221.7288561,66834.7542774075,1893922.16590855,24214912.2711439,0.0167013378228667,0.473272240543668,26496,1325,662,4528093,32988134,NA,NA,NA
"2021-01-29","Maharashtra",36345543.439878,314066.564593526,11920534.8670014,76028789.560122,0.0198975723545201,0.755221127494798,231739,11587,5793,19912066,112374333,NA,NA,NA
"2021-01-29","Nagaland",123912.33360876,1122.50791401387,50415.1189133346,1854589.66639124,0.0230947424159,1.03725254016877,2561,128,64,211983,1978502,NA,NA,NA
"2021-01-30","Assam",24654598.8646096,220846.002959558,7263591.37072072,6550977.13539038,0.018075671125951,0.594506067807287,24178,1209,604,4127732,31205576,NA,NA,NA
"2021-01-30","Delhi",1741678.306733,17331.8172954645,1039482.43082195,15046262.693267,0.035413972598356,2.12396667320248,39455,1973,986,2343806,16787941,NA,NA,NA
"2021-01-30","Jharkhand",9628200.8603488,73868.64543941,2104149.35384273,23359933.1396512,0.0167426182690405,0.476913705441279,26496,1325,662,4528093,32988134,NA,NA,NA
"2021-01-30","Maharashtra",38575329.679767,334832.936521432,12735044.278853,73799003.320233,0.0199287336578083,0.757969954181651,231739,11587,5793,19912066,112374333,NA,NA,NA
"2021-01-30","Nagaland",130587.22721948,1182.58321681323,52914.7336976791,1847914.77278052,0.0230055416492212,1.0293838882813,2561,128,64,211983,1978502,NA,NA,NA
"2021-01-31","Assam",25493210.8810441,232756.711440716,7885477.18953745,5712365.11895592,0.0184046131691571,0.623522975682761,24178,1209,604,4127732,31205576,NA,NA,NA
"2021-01-31","Delhi",1794784.6745154,17841.2057692349,1064449.04437739,14993156.3254846,0.0350257370245121,2.08971931530805,39455,1973,986,2343806,16787941,NA,NA,NA
"2021-01-31","Jharkhand",10534566.6343933,81456.9360975842,2335585.18167293,22453567.3656067,0.0167953778430737,0.481567776670207,26496,1325,662,4528093,32988134,NA,NA,NA
"2021-01-31","Maharashtra",40874747.5403161,356521.140941088,13601179.7529817,71499585.4596839,0.019974786445388,0.762032400810806,231739,11587,5793,19912066,112374333,NA,NA,NA
"2021-01-31","Nagaland",137619.63214894,1245.96630229974,55558.015463924,1840882.36785106,0.022923936882879,1.02218530106492,2561,128,64,211983,1978502,NA,NA,NA
"2021-02-01","Assam",26246107.4352996,244123.312347302,8527126.78862549,4959468.56470041,0.0187676275951002,0.655545504795764,24178,1209,604,4127732,31205576,NA,NA,NA
"2021-02-01","Delhi",1849852.9306224,18370.0751553703,1090431.55757939,14938088.0693776,0.0346575946986901,2.05724443964508,39455,1973,986,2343806,16787941,NA,NA,NA
"2021-02-01","Jharkhand",11488881.7501336,89601.346639389,2589587.18487027,21499252.2498664,0.0168601027180116,0.487277340929673,26496,1325,662,4528093,32988134,NA,NA,NA
"2021-02-01","Maharashtra",43236583.9904729,379098.65823907,14520322.4994895,69137749.0095271,0.020035823271443,0.767416631848542,231739,11587,5793,19912066,112374333,NA,NA,NA
"2021-02-01","Nagaland",145025.27965399,1312.81381856913,58352.5262599381,1833476.72034601,0.0228496283442107,1.01563033472531,2561,128,64,211983,1978502,NA,NA,NA
"2021-02-02","Assam",26915186.6690075,254867.470473361,9185058.069568,4290389.33099248,0.0191665383543065,0.690734550980322,24178,1209,604,4127732,31205576,NA,NA,NA
"2021-02-02","Delhi",1906934.8836593,18918.9988007757,1117465.47753452,14881006.1163407,0.0343087952833789,2.02647585681982,39455,1973,986,2343806,16787941,NA,NA,NA
"2021-02-02","Jharkhand",12486400.0964331,98294.5527434239,2867434.90758004,20501733.9035669,0.016937391610756,0.494095212730741,26496,1325,662,4528093,32988134,NA,NA,NA
"2021-02-02","Maharashtra",45652594.3946488,402522.608113759,15493624.0914817,66721738.6053512,0.0201120183057717,0.774138011305343,231739,11587,5793,19912066,112374333,NA,NA,NA
"2021-02-02","Nagaland",152820.18699965,1383.28678813972,61306.1430683548,1825681.81300035,0.0227823423134849,1.00969484367089,2561,128,64,211983,1978502,NA,NA,NA
"2021-02-03","Assam",27504351.9240433,264931.831099914,9855667.15822824,3701224.07595667,0.0196032069413123,0.729254321933784,24178,1209,604,4127732,31205576,NA,NA,NA
"2021-02-03","Delhi",1966081.9596584,19488.5522766835,1145587.05160296,14821859.0403416,0.0339786270947184,1.99735078718629,39455,1973,986,2343806,16787941,NA,NA,NA
"2021-02-03","Jharkhand",13521062.381065,107519.085306382,3170292.32968238,19467071.618935,0.0170279511463608,0.502083725467759,26496,1325,662,4528093,32988134,NA,NA,NA
"2021-02-03","Maharashtra",48113583.8421253,426739.583377734,16521972.649012,64260749.1578747,0.020203623745482,0.78221878620131,231739,11587,5793,19912066,112374333,NA,NA,NA
"2021-02-03","Nagaland",161020.61233624,1457.55035372023,64427.0604201595,1817481.38766376,0.0227218297905457,1.00435686289371,2561,128,64,211983,1978502,NA,NA,NA
"2021-02-04","Assam",28018969.9555989,274279.754569097,10535324.4590797,3186606.04440111,0.0200795324976416,0.771272346300705,24178,1209,604,4127732,31205576,NA,NA,NA
"2021-02-04","Delhi",2027345.0242085,20079.311959151,1174833.23788362,14760595.9757915,0.0336664156208624,1.96980973014704,39455,1973,986,2343806,16787941,NA,NA,NA
"2021-02-04","Jharkhand",14585560.1645376,117246.500610612,3499167.94138502,18402573.8354624,0.0171325910665617,0.511314308749153,26496,1325,662,4528093,32988134,NA,NA,NA
"2021-02-04","Maharashtra",50609520.8579059,451685.723068236,17605960.4666318,61764812.1420941,0.0203109664773828,0.791687792146275,231739,11587,5793,19912066,112374333,NA,NA,NA
"2021-02-04","Nagaland",169643.00006859,1535.77346122605,67723.7919655288,1808858.99993141,0.0226678654962448,0.999596519883028,2561,128,64,211983,1978502,NA,NA,NA
"2021-02-05","Assam",28465346.19814,282893.96140113,11220462.4177353,2740229.80186001,0.020597454152202,0.816959680125875,24178,1209,604,4127732,31205576,NA,NA,NA
"2021-02-05","Delhi",2090774.1916297,20691.8534811314,1205241.67066094,14697166.8083703,0.0333715221168125,1.94379634019941,39455,1973,986,2343806,16787941,NA,NA,NA
"2021-02-05","Jharkhand",15671474.7336268,127436.921447835,3854873.96644231,17316659.2663732,0.0172522193455229,0.521867057543694,26496,1325,662,4528093,32988134,NA,NA,NA
"2021-02-05","Maharashtra",53129681.9127327,477287.047367748,18745854.095254,59244651.0872673,0.0204344449670216,0.802580178913042,231739,11587,5793,19912066,112374333,NA,NA,NA
"2021-02-05","Nagaland",178703.91745543,1618.12847336776,71205.1705417965,1799798.08254457,0.0226202470553594,0.99539596254813,2561,128,64,211983,1978502,NA,NA,NA
"2021-02-06","Assam",28850259.2467363,290774.376900706,11907651.333255,2355316.75326375,0.0211589552278492,0.866491277927212,24178,1209,604,4127732,31205576,NA,NA,NA
"2021-02-06","Delhi",2156418.6214932,21326.750056168,1236850.62062463,14631522.3785068,0.0330933422667826,1.91925730893889,39455,1973,986,2343806,16787941,NA,NA,NA
"2021-02-06","Jharkhand",16769491.2655844,138039.037553294,4237986.53390347,16218642.7344156,0.017387837222807,0.5338302940247,26496,1325,662,4528093,32988134,NA,NA,NA
"2021-02-06","Maharashtra",55662821.9980818,503460.060340243,19941568.0520915,56711511.0019182,0.02057452670534,0.814937185199625,231739,11587,5793,19912066,112374333,NA,NA,NA
"2021-02-06","Nagaland",188219.98371884,1704.79071351404,74880.3463546599,1790282.01628116,0.0225787941992033,0.991739288878409,2561,128,64,211983,1978502,NA,NA,NA
"2021-02-07","Assam",29180578.8466556,297935.4806144,12593661.0184064,2024997.15334438,0.021766068877394,0.920046489863876,24178,1209,604,4127732,31205576,NA,NA,NA
"2021-02-07","Delhi",2224326.3025172,21984.5706705276,1269698.94953927,14563614.6974828,0.0328313049119203,1.89614225282792,39455,1973,986,2343806,16787941,NA,NA,NA
"2021-02-07","Jharkhand",17869686.2844426,148990.666745081,4648809.07185388,15118447.7155574,0.0175405322928718,0.547299957974988,26496,1325,662,4528093,32988134,NA,NA,NA
"2021-02-07","Maharashtra",58197376.0355158,530112.670993166,21192642.2342261,54176956.9644842,0.0207317437813216,0.828805748080024,231739,11587,5793,19912066,112374333,NA,NA,NA
"2021-02-07","Nagaland",198207.78991354,1795.93793621038,78758.7831050163,1780294.21008646,0.0225433479952051,0.988612478982279,2561,128,64,211983,1978502,NA,NA,NA
