Date,State,Susceptible,Infected People,Recovery,Death,Bucket_Value,Vaccine %,Amount of Vaccine
2020-12-27,Assam,30440886.08,243651.7136,289483.8141,6043.741482,200,15.8974,158974
2020-12-27,Delhi,16025448.33,115768.1093,594289.9358,8049.374011,200,8.2051,82051
2020-12-27,Jharkhand,32703453.61,80435.7114,136418.6526,2458.308717,200,16.9231,169231
2020-12-27,Maharashtra,108316117,1090874.648,2235625.498,37709.93655,200,58.4615,584615
2020-12-27,Nagaland,1953150.115,7086.880054,14518.27552,244.9207907,200,0.5128,5128
2020-12-27,Assam,30440886.08,243651.7136,289483.8141,6043.741482,300,15.9864,159864
2020-12-27,Delhi,16025448.33,115768.1093,594289.9358,8049.374011,300,8.1633,81633
2020-12-27,Jharkhand,32703453.61,80435.7114,136418.6526,2458.308717,300,17.0068,170068
2020-12-27,Maharashtra,108316117,1090874.648,2235625.498,37709.93655,300,58.1633,581633
2020-12-27,Nagaland,1953150.115,7086.880054,14518.27552,244.9207907,300,0.6803,6803
2020-12-27,Assam,30440886.08,243651.7136,289483.8141,6043.741482,400,16.1616,161616
2020-12-27,Delhi,16025448.33,115768.1093,594289.9358,8049.374011,400,8.3333,83333
2020-12-27,Jharkhand,32703453.61,80435.7114,136418.6526,2458.308717,400,17.1717,171717
2020-12-27,Maharashtra,108316117,1090874.648,2235625.498,37709.93655,400,57.5758,575758
2020-12-27,Nagaland,1953150.115,7086.880054,14518.27552,244.9207907,400,0.7576,7576
2020-12-27,Assam,30440886.08,243651.7136,289483.8141,6043.741482,500,16.129,161290
2020-12-27,Delhi,16025448.33,115768.1093,594289.9358,8049.374011,500,8.2661,82661
2020-12-27,Jharkhand,32703453.61,80435.7114,136418.6526,2458.308717,500,17.1371,171371
2020-12-27,Maharashtra,108316117,1090874.648,2235625.498,37709.93655,500,57.6613,576613
2020-12-27,Nagaland,1953150.115,7086.880054,14518.27552,244.9207907,500,0.8065,8065
2020-12-28,Assam,30353025.35,282173.2762,302606.2125,6629.188771,200,15.8974,158974
2020-12-28,Delhi,16012024.8,120954.6278,600207.0823,8175.247598,200,8.2051,82051
2020-12-28,Jharkhand,32679510.54,91117.65691,140701.9625,2627.95814,200,16.9231,169231
2020-12-28,Maharashtra,108090549.4,1192304.138,2292668.177,39506.41188,200,58.4615,584615
2020-12-28,Nagaland,1952121.755,7521.583982,14883.38034,253.9875983,200,0.5128,5128
2020-12-28,Assam,30353025.35,282173.2762,302606.2125,6629.188771,300,15.9864,159864
2020-12-28,Delhi,16012024.8,120954.6278,600207.0823,8175.247598,300,8.1633,81633
2020-12-28,Jharkhand,32679510.54,91117.65691,140701.9625,2627.95814,300,17.0068,170068
2020-12-28,Maharashtra,108090549.4,1192304.138,2292668.177,39506.41188,300,58.1633,581633
2020-12-28,Nagaland,1952121.755,7521.583982,14883.38034,253.9875983,300,0.6803,6803
2020-12-28,Assam,30353025.35,282173.2762,302606.2125,6629.188771,400,16.1616,161616
2020-12-28,Delhi,16012024.8,120954.6278,600207.0823,8175.247598,400,8.3333,83333
2020-12-28,Jharkhand,32679510.54,91117.65691,140701.9625,2627.95814,400,17.1717,171717
2020-12-28,Maharashtra,108090549.4,1192304.138,2292668.177,39506.41188,400,57.5758,575758
2020-12-28,Nagaland,1952121.755,7521.583982,14883.38034,253.9875983,400,0.7576,7576
2020-12-28,Assam,30353025.35,282173.2762,302606.2125,6629.188771,500,16.129,161290
2020-12-28,Delhi,16012024.8,120954.6278,600207.0823,8175.247598,500,8.2661,82661
2020-12-28,Jharkhand,32679510.54,91117.65691,140701.9625,2627.95814,500,17.1371,171371
2020-12-28,Maharashtra,108090549.4,1192304.138,2292668.177,39506.41188,500,57.6613,576613
2020-12-28,Nagaland,1952121.755,7521.583982,14883.38034,253.9875983,500,0.8065,8065
2020-12-29,Assam,30251606.32,326683.8498,317800.918,7306.020932,200,15.8974,158974
2020-12-29,Delhi,15998012.27,126367.0191,606389.1638,8306.685089,200,8.2051,82051
2020-12-29,Jharkhand,32652409.96,103210.788,145553.9266,2820.051463,200,16.9231,169231
2020-12-29,Maharashtra,107844566.8,1302942.148,2355009.362,41467.34203,200,58.4615,584615
2020-12-29,Nagaland,1951030.929,7982.664037,15270.87345,263.6072102,200,0.5128,5128
2020-12-29,Assam,30251606.32,326683.8498,317800.918,7306.020932,300,15.9864,159864
2020-12-29,Delhi,15998012.27,126367.0191,606389.1638,8306.685089,300,8.1633,81633
2020-12-29,Jharkhand,32652409.96,103210.788,145553.9266,2820.051463,300,17.0068,170068
2020-12-29,Maharashtra,107844566.8,1302942.148,2355009.362,41467.34203,300,58.1633,581633
2020-12-29,Nagaland,1951030.929,7982.664037,15270.87345,263.6072102,300,0.6803,6803
2020-12-29,Assam,30251606.32,326683.8498,317800.918,7306.020932,400,16.1616,161616
2020-12-29,Delhi,15998012.27,126367.0191,606389.1638,8306.685089,400,8.3333,83333
2020-12-29,Jharkhand,32652409.96,103210.788,145553.9266,2820.051463,400,17.1717,171717
2020-12-29,Maharashtra,107844566.8,1302942.148,2355009.362,41467.34203,400,57.5758,575758
2020-12-29,Nagaland,1951030.929,7982.664037,15270.87345,263.6072102,400,0.7576,7576
2020-12-29,Assam,30251606.32,326683.8498,317800.918,7306.020932,500,16.129,161290
2020-12-29,Delhi,15998012.27,126367.0191,606389.1638,8306.685089,500,8.2661,82661
2020-12-29,Jharkhand,32652409.96,103210.788,145553.9266,2820.051463,500,17.1371,171371
2020-12-29,Maharashtra,107844566.8,1302942.148,2355009.362,41467.34203,500,57.6613,576613
2020-12-29,Nagaland,1951030.929,7982.664037,15270.87345,263.6072102,500,0.8065,8065
2020-12-30,Assam,30134633.39,378080.1071,335389.304,8088.046005,200,15.8974,158974
2020-12-30,Delhi,15983386.2,132014.4997,612847.703,8443.921589,200,8.2051,82051
2020-12-30,Jharkhand,32621740.98,116899.4445,151049.6207,3037.529476,200,16.9231,169231
2020-12-30,Maharashtra,107576423.6,1423581.375,2423129.052,43607.15459,200,58.4615,584615
2020-12-30,Nagaland,1949873.922,8471.683336,15682.11236,273.812735,200,0.5128,5128
2020-12-30,Assam,30134633.39,378080.1071,335389.304,8088.046005,300,15.9864,159864
2020-12-30,Delhi,15983386.2,132014.4997,612847.703,8443.921589,300,8.1633,81633
2020-12-30,Jharkhand,32621740.98,116899.4445,151049.6207,3037.529476,300,17.0068,170068
2020-12-30,Maharashtra,107576423.6,1423581.375,2423129.052,43607.15459,300,58.1633,581633
2020-12-30,Nagaland,1949873.922,8471.683336,15682.11236,273.812735,300,0.6803,6803
2020-12-30,Assam,30134633.39,378080.1071,335389.304,8088.046005,400,16.1616,161616
2020-12-30,Delhi,15983386.2,132014.4997,612847.703,8443.921589,400,8.3333,83333
2020-12-30,Jharkhand,32621740.98,116899.4445,151049.6207,3037.529476,400,17.1717,171717
2020-12-30,Maharashtra,107576423.6,1423581.375,2423129.052,43607.15459,400,57.5758,575758
2020-12-30,Nagaland,1949873.922,8471.683336,15682.11236,273.812735,400,0.7576,7576
2020-12-30,Assam,30134633.39,378080.1071,335389.304,8088.046005,500,16.129,161290
2020-12-30,Delhi,15983386.2,132014.4997,612847.703,8443.921589,500,8.2661,82661
2020-12-30,Jharkhand,32621740.98,116899.4445,151049.6207,3037.529476,500,17.1371,171371
2020-12-30,Maharashtra,107576423.6,1423581.375,2423129.052,43607.15459,500,57.6613,576613
2020-12-30,Nagaland,1949873.922,8471.683336,15682.11236,273.812735,500,0.8065,8065
2020-12-31,Assam,29999849.79,437381.3349,355740.6094,8991.004624,200,15.8974,158974
2020-12-31,Delhi,15968121.19,137906.6103,619594.6916,8587.201195,200,8.2051,82051
2020-12-31,Jharkhand,32587040.8,132391.4542,157273.9133,3283.710251,200,16.9231,169231
2020-12-31,Maharashtra,107284244.8,1555074.324,2497548.366,45941.42124,200,58.4615,584615
2020-12-31,Nagaland,1948646.813,8990.293133,16118.53492,284.6391917,200,0.5128,5128
2020-12-31,Assam,29999849.79,437381.3349,355740.6094,8991.004624,300,15.9864,159864
2020-12-31,Delhi,15968121.19,137906.6103,619594.6916,8587.201195,300,8.1633,81633
2020-12-31,Jharkhand,32587040.8,132391.4542,157273.9133,3283.710251,300,17.0068,170068
2020-12-31,Maharashtra,107284244.8,1555074.324,2497548.366,45941.42124,300,58.1633,581633
2020-12-31,Nagaland,1948646.813,8990.293133,16118.53492,284.6391917,300,0.6803,6803
2020-12-31,Assam,29999849.79,437381.3349,355740.6094,8991.004624,400,16.1616,161616
2020-12-31,Delhi,15968121.19,137906.6103,619594.6916,8587.201195,400,8.3333,83333
2020-12-31,Jharkhand,32587040.8,132391.4542,157273.9133,3283.710251,400,17.1717,171717
2020-12-31,Maharashtra,107284244.8,1555074.324,2497548.366,45941.42124,400,57.5758,575758
2020-12-31,Nagaland,1948646.813,8990.293133,16118.53492,284.6391917,400,0.7576,7576
2020-12-31,Assam,29999849.79,437381.3349,355740.6094,8991.004624,500,16.129,161290
2020-12-31,Delhi,15968121.19,137906.6103,619594.6916,8587.201195,500,8.2661,82661
2020-12-31,Jharkhand,32587040.8,132391.4542,157273.9133,3283.710251,500,17.1371,171371
2020-12-31,Maharashtra,107284244.8,1555074.324,2497548.366,45941.42124,500,57.6613,576613
2020-12-31,Nagaland,1948646.813,8990.293133,16118.53492,284.6391917,500,0.8065,8065
2021-01-01,Assam,29844714.54,505742.151,379278.3561,10032.78692,200,16.129,161290
2021-01-01,Delhi,15952190.9,144053.2214,626642.6064,8736.777239,200,8.2661,82661
2021-01-01,Jharkhand,32547788.61,149920.9611,164322.7109,3562.335311,200,17.1371,171371
2021-01-01,Maharashtra,106966020.2,1698336.161,2578832.602,48486.92487,200,57.6613,576613
2021-01-01,Nagaland,1947345.457,9540.237137,16581.66387,296.1236092,200,0.8065,8065
2021-01-01,Assam,29844714.54,505742.151,379278.3561,10032.78692,300,16.129,161290
2021-01-01,Delhi,15952190.9,144053.2214,626642.6064,8736.777239,300,8.2661,82661
2021-01-01,Jharkhand,32547788.61,149920.9611,164322.7109,3562.335311,300,17.1371,171371
2021-01-01,Maharashtra,106966020.2,1698336.161,2578832.602,48486.92487,300,57.6613,576613
2021-01-01,Nagaland,1947345.457,9540.237137,16581.66387,296.1236092,300,0.8065,8065
2021-01-01,Assam,29844714.54,505742.151,379278.3561,10032.78692,400,16.129,161290
2021-01-01,Delhi,15952190.9,144053.2214,626642.6064,8736.777239,400,8.2661,82661
2021-01-01,Jharkhand,32547788.61,149920.9611,164322.7109,3562.335311,400,17.1371,171371
2021-01-01,Maharashtra,106966020.2,1698336.161,2578832.602,48486.92487,400,57.6613,576613
2021-01-01,Nagaland,1947345.457,9540.237137,16581.66387,296.1236092,400,0.8065,8065
2021-01-01,Assam,29844714.54,505742.151,379278.3561,10032.78692,500,16.129,161290
2021-01-01,Delhi,15952190.9,144053.2214,626642.6064,8736.777239,500,8.2661,82661
2021-01-01,Jharkhand,32547788.61,149920.9611,164322.7109,3562.335311,500,17.1371,171371
2021-01-01,Maharashtra,106966020.2,1698336.161,2578832.602,48486.92487,500,57.6613,576613
2021-01-01,Nagaland,1947345.457,9540.237137,16581.66387,296.1236092,500,0.8065,8065
2021-01-02,Assam,29666381.18,584465.2705,406487.4484,11233.65775,200,16.129,161290
2021-01-02,Delhi,15935568.07,150464.5374,634004.4262,8892.912532,200,8.2661,82661
2021-01-02,Jharkhand,32503398.86,169751.5357,172304.3475,3877.620648,200,17.1371,171371
2021-01-02,Maharashtra,106619599.2,1854347.339,2667594.439,51261.72555,200,57.6613,576613
2021-01-02,Nagaland,1945965.478,10123.35604,17073.11157,308.3051324,200,0.8065,8065
2021-01-02,Assam,29666381.18,584465.2705,406487.4484,11233.65775,300,16.129,161290
2021-01-02,Delhi,15935568.07,150464.5374,634004.4262,8892.912532,300,8.2661,82661
2021-01-02,Jharkhand,32503398.86,169751.5357,172304.3475,3877.620648,300,17.1371,171371
2021-01-02,Maharashtra,106619599.2,1854347.339,2667594.439,51261.72555,300,57.6613,576613
2021-01-02,Nagaland,1945965.478,10123.35604,17073.11157,308.3051324,300,0.8065,8065
2021-01-02,Assam,29666381.18,584465.2705,406487.4484,11233.65775,400,16.129,161290
2021-01-02,Delhi,15935568.07,150464.5374,634004.4262,8892.912532,400,8.2661,82661
2021-01-02,Jharkhand,32503398.86,169751.5357,172304.3475,3877.620648,400,17.1371,171371
2021-01-02,Maharashtra,106619599.2,1854347.339,2667594.439,51261.72555,400,57.6613,576613
2021-01-02,Nagaland,1945965.478,10123.35604,17073.11157,308.3051324,400,0.8065,8065
2021-01-02,Assam,29666381.18,584465.2705,406487.4484,11233.65775,500,16.129,161290
2021-01-02,Delhi,15935568.07,150464.5374,634004.4262,8892.912532,500,8.2661,82661
2021-01-02,Jharkhand,32503398.86,169751.5357,172304.3475,3877.620648,500,17.1371,171371
2021-01-02,Maharashtra,106619599.2,1854347.339,2667594.439,51261.72555,500,57.6613,576613
2021-01-02,Nagaland,1945965.478,10123.35604,17073.11157,308.3051324,500,0.8065,8065
2021-01-03,Assam,29461680.44,675013.4943,437921.882,12616.47996,200,16.129,161290
2021-01-03,Delhi,15918224.46,157151.1015,641693.6483,9055.879604,200,8.2661,82661
2021-01-03,Jharkhand,32453213.93,192179.6048,181341.1422,4234.313256,200,17.1371,171371
2021-01-03,Maharashtra,106242686.3,2024155.901,2764497.259,54285.22438,200,57.6613,576613
2021-01-03,Nagaland,1944502.256,10741.59204,17594.5849,321.2251278,200,0.8065,8065
2021-01-03,Assam,29461680.44,675013.4943,437921.882,12616.47996,300,16.129,161290
2021-01-03,Delhi,15918224.46,157151.1015,641693.6483,9055.879604,300,8.2661,82661
2021-01-03,Jharkhand,32453213.93,192179.6048,181341.1422,4234.313256,300,17.1371,171371
2021-01-03,Maharashtra,106242686.3,2024155.901,2764497.259,54285.22438,300,57.6613,576613
2021-01-03,Nagaland,1944502.256,10741.59204,17594.5849,321.2251278,300,0.8065,8065
2021-01-03,Assam,29461680.44,675013.4943,437921.882,12616.47996,400,16.129,161290
2021-01-03,Delhi,15918224.46,157151.1015,641693.6483,9055.879604,400,8.2661,82661
2021-01-03,Jharkhand,32453213.93,192179.6048,181341.1422,4234.313256,400,17.1371,171371
2021-01-03,Maharashtra,106242686.3,2024155.901,2764497.259,54285.22438,400,57.6613,576613
2021-01-03,Nagaland,1944502.256,10741.59204,17594.5849,321.2251278,400,0.8065,8065
2021-01-03,Assam,29461680.44,675013.4943,437921.882,12616.47996,500,16.129,161290
2021-01-03,Delhi,15918224.46,157151.1015,641693.6483,9055.879604,500,8.2661,82661
2021-01-03,Jharkhand,32453213.93,192179.6048,181341.1422,4234.313256,500,17.1371,171371
2021-01-03,Maharashtra,106242686.3,2024155.901,2764497.259,54285.22438,500,57.6613,576613
2021-01-03,Nagaland,1944502.256,10741.59204,17594.5849,321.2251278,500,0.8065,8065
2021-01-04,Assam,29227109.02,779020.1763,474213.0711,14206.92745,200,16.129,161290
2021-01-04,Delhi,15900130.91,164123.7894,649724.2897,9225.960641,200,8.2661,82661
2021-01-04,Jharkhand,32396496.2,217538.1974,191571.1346,4637.753277,200,17.1371,171371
2021-01-04,Maharashtra,105832837.9,2208879.352,2870258.576,57578.22353,200,57.6613,576613
2021-01-04,Nagaland,1942950.918,11396.99359,18147.89041,334.9272966,200,0.8065,8065
2021-01-04,Assam,29227109.02,779020.1763,474213.0711,14206.92745,300,16.129,161290
2021-01-04,Delhi,15900130.91,164123.7894,649724.2897,9225.960641,300,8.2661,82661
2021-01-04,Jharkhand,32396496.2,217538.1974,191571.1346,4637.753277,300,17.1371,171371
2021-01-04,Maharashtra,105832837.9,2208879.352,2870258.576,57578.22353,300,57.6613,576613
2021-01-04,Nagaland,1942950.918,11396.99359,18147.89041,334.9272966,300,0.8065,8065
2021-01-04,Assam,29227109.02,779020.1763,474213.0711,14206.92745,400,16.129,161290
2021-01-04,Delhi,15900130.91,164123.7894,649724.2897,9225.960641,400,8.2661,82661
2021-01-04,Jharkhand,32396496.2,217538.1974,191571.1346,4637.753277,400,17.1371,171371
2021-01-04,Maharashtra,105832837.9,2208879.352,2870258.576,57578.22353,400,57.6613,576613
2021-01-04,Nagaland,1942950.918,11396.99359,18147.89041,334.9272966,400,0.8065,8065
2021-01-04,Assam,29227109.02,779020.1763,474213.0711,14206.92745,500,16.129,161290
2021-01-04,Delhi,15900130.91,164123.7894,649724.2897,9225.960641,500,8.2661,82661
2021-01-04,Jharkhand,32396496.2,217538.1974,191571.1346,4637.753277,500,17.1371,171371
2021-01-04,Maharashtra,105832837.9,2208879.352,2870258.576,57578.22353,500,57.6613,576613
2021-01-04,Nagaland,1942950.918,11396.99359,18147.89041,334.9272966,500,0.8065,8065
2021-01-05,Assam,28958827.51,898296.9262,516078.5083,16033.67069,200,16.129,161290
2021-01-05,Delhi,15881257.1,171393.8631,658110.9853,9403.449218,200,8.2661,82661
2021-01-05,Jharkhand,32332419.47,246201.0148,203150.0151,5093.942006,200,17.1371,171371
2021-01-05,Maharashtra,105387460.5,2409705.955,2985653.545,61162.98075,200,57.6613,576613
2021-01-05,Nagaland,1941306.324,12091.7203,18734.93991,349.4577932,200,0.8065,8065
2021-01-05,Assam,28958827.51,898296.9262,516078.5083,16033.67069,300,16.129,161290
2021-01-05,Delhi,15881257.1,171393.8631,658110.9853,9403.449218,300,8.2661,82661
2021-01-05,Jharkhand,32332419.47,246201.0148,203150.0151,5093.942006,300,17.1371,171371
2021-01-05,Maharashtra,105387460.5,2409705.955,2985653.545,61162.98075,300,57.6613,576613
2021-01-05,Nagaland,1941306.324,12091.7203,18734.93991,349.4577932,300,0.8065,8065
2021-01-05,Assam,28958827.51,898296.9262,516078.5083,16033.67069,400,16.129,161290
2021-01-05,Delhi,15881257.1,171393.8631,658110.9853,9403.449218,400,8.2661,82661
2021-01-05,Jharkhand,32332419.47,246201.0148,203150.0151,5093.942006,400,17.1371,171371
2021-01-05,Maharashtra,105387460.5,2409705.955,2985653.545,61162.98075,400,57.6613,576613
2021-01-05,Nagaland,1941306.324,12091.7203,18734.93991,349.4577932,400,0.8065,8065
2021-01-05,Assam,28958827.51,898296.9262,516078.5083,16033.67069,500,16.129,161290
2021-01-05,Delhi,15881257.1,171393.8631,658110.9853,9403.449218,500,8.2661,82661
2021-01-05,Jharkhand,32332419.47,246201.0148,203150.0151,5093.942006,500,17.1371,171371
2021-01-05,Maharashtra,105387460.5,2409705.955,2985653.545,61162.98075,500,57.6613,576613
2021-01-05,Nagaland,1941306.324,12091.7203,18734.93991,349.4577932,500,0.8065,8065
2021-01-06,Assam,28652672.04,1034837.085,564330.7037,18128.51742,200,16.129,161290
2021-01-06,Delhi,15861571.9,178972.8823,666868.859,9588.647826,200,8.2661,82661
2021-01-06,Jharkhand,32260059.83,278586.8257,216253.2668,5609.616014,200,17.1371,171371
2021-01-06,Maharashtra,104903809.9,2627895.296,3111518.514,65063.256,200,57.6613,576613
2021-01-06,Nagaland,1939563.052,12828.04792,19357.75603,364.8653454,200,0.8065,8065
2021-01-06,Assam,28652672.04,1034837.085,564330.7037,18128.51742,300,16.129,161290
2021-01-06,Delhi,15861571.9,178972.8823,666868.859,9588.647826,300,8.2661,82661
2021-01-06,Jharkhand,32260059.83,278586.8257,216253.2668,5609.616014,300,17.1371,171371
2021-01-06,Maharashtra,104903809.9,2627895.296,3111518.514,65063.256,300,57.6613,576613
2021-01-06,Nagaland,1939563.052,12828.04792,19357.75603,364.8653454,300,0.8065,8065
2021-01-06,Assam,28652672.04,1034837.085,564330.7037,18128.51742,400,16.129,161290
2021-01-06,Delhi,15861571.9,178972.8823,666868.859,9588.647826,400,8.2661,82661
2021-01-06,Jharkhand,32260059.83,278586.8257,216253.2668,5609.616014,400,17.1371,171371
2021-01-06,Maharashtra,104903809.9,2627895.296,3111518.514,65063.256,400,57.6613,576613
2021-01-06,Nagaland,1939563.052,12828.04792,19357.75603,364.8653454,400,0.8065,8065
2021-01-06,Assam,28652672.04,1034837.085,564330.7037,18128.51742,500,16.129,161290
2021-01-06,Delhi,15861571.9,178972.8823,666868.859,9588.647826,500,8.2661,82661
2021-01-06,Jharkhand,32260059.83,278586.8257,216253.2668,5609.616014,500,17.1371,171371
2021-01-06,Maharashtra,104903809.9,2627895.296,3111518.514,65063.256,500,57.6613,576613
2021-01-06,Nagaland,1939563.052,12828.04792,19357.75603,364.8653454,500,0.8065,8065
2021-01-07,Assam,28304183.27,1190813.311,619886.3933,20526.48969,200,16.129,161290
2021-01-07,Delhi,15841043.03,186872.7826,676013.6636,9781.870345,200,8.2661,82661
2021-01-07,Jharkhand,32178385.99,315164.1718,231078.5354,6192.327348,200,17.1371,171371
2021-01-07,Maharashtra,104378993.7,2864777.92,3248754.591,69304.3478,200,57.6613,576613
2021-01-07,Nagaland,1937715.392,13608.37333,20018.47825,381.2013779,200,0.8065,8065
2021-01-07,Assam,28304183.27,1190813.311,619886.3933,20526.48969,300,16.129,161290
2021-01-07,Delhi,15841043.03,186872.7826,676013.6636,9781.870345,300,8.2661,82661
2021-01-07,Jharkhand,32178385.99,315164.1718,231078.5354,6192.327348,300,17.1371,171371
2021-01-07,Maharashtra,104378993.7,2864777.92,3248754.591,69304.3478,300,57.6613,576613
2021-01-07,Nagaland,1937715.392,13608.37333,20018.47825,381.2013779,300,0.8065,8065
2021-01-07,Assam,28304183.27,1190813.311,619886.3933,20526.48969,400,16.129,161290
2021-01-07,Delhi,15841043.03,186872.7826,676013.6636,9781.870345,400,8.2661,82661
2021-01-07,Jharkhand,32178385.99,315164.1718,231078.5354,6192.327348,400,17.1371,171371
2021-01-07,Maharashtra,104378993.7,2864777.92,3248754.591,69304.3478,400,57.6613,576613
2021-01-07,Nagaland,1937715.392,13608.37333,20018.47825,381.2013779,400,0.8065,8065
2021-01-07,Assam,28304183.27,1190813.311,619886.3933,20526.48969,500,16.129,161290
2021-01-07,Delhi,15841043.03,186872.7826,676013.6636,9781.870345,500,8.2661,82661
2021-01-07,Jharkhand,32178385.99,315164.1718,231078.5354,6192.327348,500,17.1371,171371
2021-01-07,Maharashtra,104378993.7,2864777.92,3248754.591,69304.3478,500,57.6613,576613
2021-01-07,Nagaland,1937715.392,13608.37333,20018.47825,381.2013779,500,0.8065,8065
2021-01-08,Assam,27908659.21,1368566.251,683775.2212,23265.79387,200,16.129,161290
2021-01-08,Delhi,15819637.19,195105.851,685561.7593,9983.441528,200,8.2661,82661
2021-01-08,Jharkhand,32086249.27,356456.3544,247848.2412,6850.529672,200,17.1371,171371
2021-01-08,Maharashtra,103809975,3121753.841,3398331.156,73913.11611,200,57.6613,576613
2021-01-08,Nagaland,1935757.328,14435.21964,20719.36898,398.5201407,200,0.8065,8065
2021-01-08,Assam,27908659.21,1368566.251,683775.2212,23265.79387,300,16.129,161290
2021-01-08,Delhi,15819637.19,195105.851,685561.7593,9983.441528,300,8.2661,82661
2021-01-08,Jharkhand,32086249.27,356456.3544,247848.2412,6850.529672,300,17.1371,171371
2021-01-08,Maharashtra,103809975,3121753.841,3398331.156,73913.11611,300,57.6613,576613
2021-01-08,Nagaland,1935757.328,14435.21964,20719.36898,398.5201407,300,0.8065,8065
2021-01-08,Assam,27908659.21,1368566.251,683775.2212,23265.79387,400,16.129,161290
2021-01-08,Delhi,15819637.19,195105.851,685561.7593,9983.441528,400,8.2661,82661
2021-01-08,Jharkhand,32086249.27,356456.3544,247848.2412,6850.529672,400,17.1371,171371
2021-01-08,Maharashtra,103809975,3121753.841,3398331.156,73913.11611,400,57.6613,576613
2021-01-08,Nagaland,1935757.328,14435.21964,20719.36898,398.5201407,400,0.8065,8065
2021-01-08,Assam,27908659.21,1368566.251,683775.2212,23265.79387,500,16.129,161290
2021-01-08,Delhi,15819637.19,195105.851,685561.7593,9983.441528,500,8.2661,82661
2021-01-08,Jharkhand,32086249.27,356456.3544,247848.2412,6850.529672,500,17.1371,171371
2021-01-08,Maharashtra,103809975,3121753.841,3398331.156,73913.11611,500,57.6613,576613
2021-01-08,Nagaland,1935757.328,14435.21964,20719.36898,398.5201407,500,0.8065,8065
2021-01-09,Assam,27461237.84,1570582.059,757147.6227,26387.65511,200,16.129,161290
2021-01-09,Delhi,15797320.12,203684.6894,695530.063,10193.69601,200,8.2661,82661
2021-01-09,Jharkhand,31982373.27,403046.6494,266812.447,7593.669897,200,17.1371,171371
2021-01-09,Maharashtra,103193580.4,3400289.668,3561289.27,78917.98842,200,57.6613,576613
2021-01-09,Nagaland,1933682.526,15311.24133,21462.82007,416.87884,200,0.8065,8065
2021-01-09,Assam,27461237.84,1570582.059,757147.6227,26387.65511,300,16.129,161290
2021-01-09,Delhi,15797320.12,203684.6894,695530.063,10193.69601,300,8.2661,82661
2021-01-09,Jharkhand,31982373.27,403046.6494,266812.447,7593.669897,300,17.1371,171371
2021-01-09,Maharashtra,103193580.4,3400289.668,3561289.27,78917.98842,300,57.6613,576613
2021-01-09,Nagaland,1933682.526,15311.24133,21462.82007,416.87884,300,0.8065,8065
2021-01-09,Assam,27461237.84,1570582.059,757147.6227,26387.65511,400,16.129,161290
2021-01-09,Delhi,15797320.12,203684.6894,695530.063,10193.69601,400,8.2661,82661
2021-01-09,Jharkhand,31982373.27,403046.6494,266812.447,7593.669897,400,17.1371,171371
2021-01-09,Maharashtra,103193580.4,3400289.668,3561289.27,78917.98842,400,57.6613,576613
2021-01-09,Nagaland,1933682.526,15311.24133,21462.82007,416.87884,400,0.8065,8065
2021-01-09,Assam,27461237.84,1570582.059,757147.6227,26387.65511,500,16.129,161290
2021-01-09,Delhi,15797320.12,203684.6894,695530.063,10193.69601,500,8.2661,82661
2021-01-09,Jharkhand,31982373.27,403046.6494,266812.447,7593.669897,500,17.1371,171371
2021-01-09,Maharashtra,103193580.4,3400289.668,3561289.27,78917.98842,500,57.6613,576613
2021-01-09,Nagaland,1933682.526,15311.24133,21462.82007,416.87884,500,0.8065,8065
2021-01-10,Assam,26957016.18,1799455.095,841281.2477,29935.9674,200,16.129,161290
2021-01-10,Delhi,15774056.41,212622.2886,705936.2026,10412.98088,200,8.2661,82661
2021-01-10,Jharkhand,31865343.62,455583.6758,288251.9903,8432.284544,200,17.1371,171371
2021-01-10,Maharashtra,102526510.5,3701914.094,3738744.896,84348.94515,200,57.6613,576613
2021-01-10,Nagaland,1931484.323,16239.22934,22251.3595,436.3377722,200,0.8065,8065
2021-01-10,Assam,26957016.18,1799455.095,841281.2477,29935.9674,300,16.129,161290
2021-01-10,Delhi,15774056.41,212622.2886,705936.2026,10412.98088,300,8.2661,82661
2021-01-10,Jharkhand,31865343.62,455583.6758,288251.9903,8432.284544,300,17.1371,171371
2021-01-10,Maharashtra,102526510.5,3701914.094,3738744.896,84348.94515,300,57.6613,576613
2021-01-10,Nagaland,1931484.323,16239.22934,22251.3595,436.3377722,300,0.8065,8065
2021-01-10,Assam,26957016.18,1799455.095,841281.2477,29935.9674,400,16.129,161290
2021-01-10,Delhi,15774056.41,212622.2886,705936.2026,10412.98088,400,8.2661,82661
2021-01-10,Jharkhand,31865343.62,455583.6758,288251.9903,8432.284544,400,17.1371,171371
2021-01-10,Maharashtra,102526510.5,3701914.094,3738744.896,84348.94515,400,57.6613,576613
2021-01-10,Nagaland,1931484.323,16239.22934,22251.3595,436.3377722,400,0.8065,8065
2021-01-10,Assam,26957016.18,1799455.095,841281.2477,29935.9674,500,16.129,161290
2021-01-10,Delhi,15774056.41,212622.2886,705936.2026,10412.98088,500,8.2661,82661
2021-01-10,Jharkhand,31865343.62,455583.6758,288251.9903,8432.284544,500,17.1371,171371
2021-01-10,Maharashtra,102526510.5,3701914.094,3738744.896,84348.94515,500,57.6613,576613
2021-01-10,Nagaland,1931484.323,16239.22934,22251.3595,436.3377722,500,0.8065,8065
2021-01-11,Assam,26391209.75,2057833.352,937585.03,33956.72093,200,16.129,161290
2021-01-11,Delhi,15749809.51,221931.9928,716798.4771,10641.65486,200,8.2661,82661
2021-01-11,Jharkhand,31733597.95,514786.8017,312481.8856,9378.099605,200,17.1371,171371
2021-01-11,Maharashtra,101805355.7,4028211.437,3931891.859,90237.47993,200,57.6613,576613
2021-01-11,Nagaland,1929155.712,17222.11625,23087.65829,456.9604609,200,0.8065,8065
2021-01-11,Assam,26391209.75,2057833.352,937585.03,33956.72093,300,16.129,161290
2021-01-11,Delhi,15749809.51,221931.9928,716798.4771,10641.65486,300,8.2661,82661
2021-01-11,Jharkhand,31733597.95,514786.8017,312481.8856,9378.099605,300,17.1371,171371
2021-01-11,Maharashtra,101805355.7,4028211.437,3931891.859,90237.47993,300,57.6613,576613
2021-01-11,Nagaland,1929155.712,17222.11625,23087.65829,456.9604609,300,0.8065,8065
2021-01-11,Assam,26391209.75,2057833.352,937585.03,33956.72093,400,16.129,161290
2021-01-11,Delhi,15749809.51,221931.9928,716798.4771,10641.65486,400,8.2661,82661
2021-01-11,Jharkhand,31733597.95,514786.8017,312481.8856,9378.099605,400,17.1371,171371
2021-01-11,Maharashtra,101805355.7,4028211.437,3931891.859,90237.47993,400,57.6613,576613
2021-01-11,Nagaland,1929155.712,17222.11625,23087.65829,456.9604609,400,0.8065,8065
2021-01-11,Assam,26391209.75,2057833.352,937585.03,33956.72093,500,16.129,161290
2021-01-11,Delhi,15749809.51,221931.9928,716798.4771,10641.65486,500,8.2661,82661
2021-01-11,Jharkhand,31733597.95,514786.8017,312481.8856,9378.099605,500,17.1371,171371
2021-01-11,Maharashtra,101805355.7,4028211.437,3931891.859,90237.47993,500,57.6613,576613
2021-01-11,Nagaland,1929155.712,17222.11625,23087.65829,456.9604609,500,0.8065,8065
2021-01-12,Assam,25759364.33,2348339.503,1047600.125,38497.11777,200,16.129,161290
2021-01-12,Delhi,15724541.91,231627.4684,728135.8277,10880.0876,200,8.2661,82661
2021-01-12,Jharkhand,31585416.79,581451.4339,339854.9957,10444.13211,200,17.1371,171371
2021-01-12,Maharashtra,101026615.4,4380812.956,4142004.415,96616.53033,200,57.6613,576613
2021-01-12,Nagaland,1926689.33,18262.98123,23974.53773,478.8137953,200,0.8065,8065
2021-01-12,Assam,25759364.33,2348339.503,1047600.125,38497.11777,300,16.129,161290
2021-01-12,Delhi,15724541.91,231627.4684,728135.8277,10880.0876,300,8.2661,82661
2021-01-12,Jharkhand,31585416.79,581451.4339,339854.9957,10444.13211,300,17.1371,171371
2021-01-12,Maharashtra,101026615.4,4380812.956,4142004.415,96616.53033,300,57.6613,576613
2021-01-12,Nagaland,1926689.33,18262.98123,23974.53773,478.8137953,300,0.8065,8065
2021-01-12,Assam,25759364.33,2348339.503,1047600.125,38497.11777,400,16.129,161290
2021-01-12,Delhi,15724541.91,231627.4684,728135.8277,10880.0876,400,8.2661,82661
2021-01-12,Jharkhand,31585416.79,581451.4339,339854.9957,10444.13211,400,17.1371,171371
2021-01-12,Maharashtra,101026615.4,4380812.956,4142004.415,96616.53033,400,57.6613,576613
2021-01-12,Nagaland,1926689.33,18262.98123,23974.53773,478.8137953,400,0.8065,8065
2021-01-12,Assam,25759364.33,2348339.503,1047600.125,38497.11777,500,16.129,161290
2021-01-12,Delhi,15724541.91,231627.4684,728135.8277,10880.0876,500,8.2661,82661
2021-01-12,Jharkhand,31585416.79,581451.4339,339854.9957,10444.13211,500,17.1371,171371
2021-01-12,Maharashtra,101026615.4,4380812.956,4142004.415,96616.53033,500,57.6613,576613
2021-01-12,Nagaland,1926689.33,18262.98123,23974.53773,478.8137953,500,0.8065,8065
2021-01-13,Assam,25057608.72,2673470.556,1172996.136,43604.39156,200,16.129,161290
2021-01-13,Delhi,15698214.96,241722.7166,739967.8875,11128.66038,200,8.2661,82661
2021-01-13,Jharkhand,31418915.57,656453.9782,370765.9588,11644.7909,200,17.1371,171371
2021-01-13,Maharashtra,100186724.1,4761385.474,4370439.325,103520.3723,200,57.6613,576613
2021-01-13,Nagaland,1924077.445,19365.055,24914.97687,501.9681704,200,0.8065,8065
2021-01-13,Assam,25057608.72,2673470.556,1172996.136,43604.39156,300,16.129,161290
2021-01-13,Delhi,15698214.96,241722.7166,739967.8875,11128.66038,300,8.2661,82661
2021-01-13,Jharkhand,31418915.57,656453.9782,370765.9588,11644.7909,300,17.1371,171371
2021-01-13,Maharashtra,100186724.1,4761385.474,4370439.325,103520.3723,300,57.6613,576613
2021-01-13,Nagaland,1924077.445,19365.055,24914.97687,501.9681704,300,0.8065,8065
2021-01-13,Assam,25057608.72,2673470.556,1172996.136,43604.39156,400,16.129,161290
2021-01-13,Delhi,15698214.96,241722.7166,739967.8875,11128.66038,400,8.2661,82661
2021-01-13,Jharkhand,31418915.57,656453.9782,370765.9588,11644.7909,400,17.1371,171371
2021-01-13,Maharashtra,100186724.1,4761385.474,4370439.325,103520.3723,400,57.6613,576613
2021-01-13,Nagaland,1924077.445,19365.055,24914.97687,501.9681704,400,0.8065,8065
2021-01-13,Assam,25057608.72,2673470.556,1172996.136,43604.39156,500,16.129,161290
2021-01-13,Delhi,15698214.96,241722.7166,739967.8875,11128.66038,500,8.2661,82661
2021-01-13,Jharkhand,31418915.57,656453.9782,370765.9588,11644.7909,500,17.1371,171371
2021-01-13,Maharashtra,100186724.1,4761385.474,4370439.325,103520.3723,500,57.6613,576613
2021-01-13,Nagaland,1924077.445,19365.055,24914.97687,501.9681704,500,0.8065,8065
2021-01-14,Assam,24282961.24,3035467.889,1315561.667,49324.22705,200,16.129,161290
2021-01-14,Delhi,15670789,252232.0703,752315.0019,11387.76633,200,8.2661,82661
2021-01-14,Jharkhand,31232038.81,740756.1984,405655.3501,12995.9732,200,17.1371,171371
2021-01-14,Maharashtra,99282082.42,5171617.089,4618637.279,110984.4746,200,57.6613,576613
2021-01-14,Nagaland,1921311.943,20531.72457,25912.12016,526.4976284,200,0.8065,8065
2021-01-14,Assam,24282961.24,3035467.889,1315561.667,49324.22705,300,16.129,161290
2021-01-14,Delhi,15670789,252232.0703,752315.0019,11387.76633,300,8.2661,82661
2021-01-14,Jharkhand,31232038.81,740756.1984,405655.3501,12995.9732,300,17.1371,171371
2021-01-14,Maharashtra,99282082.42,5171617.089,4618637.279,110984.4746,300,57.6613,576613
2021-01-14,Nagaland,1921311.943,20531.72457,25912.12016,526.4976284,300,0.8065,8065
2021-01-14,Assam,24282961.24,3035467.889,1315561.667,49324.22705,400,16.129,161290
2021-01-14,Delhi,15670789,252232.0703,752315.0019,11387.76633,400,8.2661,82661
2021-01-14,Jharkhand,31232038.81,740756.1984,405655.3501,12995.9732,400,17.1371,171371
2021-01-14,Maharashtra,99282082.42,5171617.089,4618637.279,110984.4746,400,57.6613,576613
2021-01-14,Nagaland,1921311.943,20531.72457,25912.12016,526.4976284,400,0.8065,8065
2021-01-14,Assam,24282961.24,3035467.889,1315561.667,49324.22705,500,16.129,161290
2021-01-14,Delhi,15670789,252232.0703,752315.0019,11387.76633,500,8.2661,82661
2021-01-14,Jharkhand,31232038.81,740756.1984,405655.3501,12995.9732,500,17.1371,171371
2021-01-14,Maharashtra,99282082.42,5171617.089,4618637.279,110984.4746,500,57.6613,576613
2021-01-14,Nagaland,1921311.943,20531.72457,25912.12016,526.4976284,500,0.8065,8065
2021-01-15,Assam,23433665.43,3436162.82,1477188.069,55698.82523,200,16.129,161290
2021-01-15,Delhi,15642223.25,263170.179,765198.2411,11657.81036,200,8.2661,82661
2021-01-15,Jharkhand,31022557.14,835408.6316,445014.0381,14515.15272,200,17.1371,171371
2021-01-15,Maharashtra,98309095.35,5613199.617,4888123.555,119045.3068,200,57.6613,576613
2021-01-15,Nagaland,1918384.316,21766.53776,26969.2854,552.4799994,200,0.8065,8065
2021-01-15,Assam,23433665.43,3436162.82,1477188.069,55698.82523,300,16.129,161290
2021-01-15,Delhi,15642223.25,263170.179,765198.2411,11657.81036,300,8.2661,82661
2021-01-15,Jharkhand,31022557.14,835408.6316,445014.0381,14515.15272,300,17.1371,171371
2021-01-15,Maharashtra,98309095.35,5613199.617,4888123.555,119045.3068,300,57.6613,576613
2021-01-15,Nagaland,1918384.316,21766.53776,26969.2854,552.4799994,300,0.8065,8065
2021-01-15,Assam,23433665.43,3436162.82,1477188.069,55698.82523,400,16.129,161290
2021-01-15,Delhi,15642223.25,263170.179,765198.2411,11657.81036,400,8.2661,82661
2021-01-15,Jharkhand,31022557.14,835408.6316,445014.0381,14515.15272,400,17.1371,171371
2021-01-15,Maharashtra,98309095.35,5613199.617,4888123.555,119045.3068,400,57.6613,576613
2021-01-15,Nagaland,1918384.316,21766.53776,26969.2854,552.4799994,400,0.8065,8065
2021-01-15,Assam,23433665.43,3436162.82,1477188.069,55698.82523,500,16.129,161290
2021-01-15,Delhi,15642223.25,263170.179,765198.2411,11657.81036,500,8.2661,82661
2021-01-15,Jharkhand,31022557.14,835408.6316,445014.0381,14515.15272,500,17.1371,171371
2021-01-15,Maharashtra,98309095.35,5613199.617,4888123.555,119045.3068,500,57.6613,576613
2021-01-15,Nagaland,1918384.316,21766.53776,26969.2854,552.4799994,500,0.8065,8065
2021-01-16,Assam,22509565.34,3876789.569,1659843.778,62764.49212,200,16.129,161290
2021-01-16,Delhi,15612475.9,274551.9971,778639.4156,11939.20926,200,8.2661,82661
2021-01-16,Jharkhand,30788068.46,941552.5366,489387.6866,16221.45277,200,17.1371,171371
2021-01-16,Maharashtra,97264217.26,6087807.356,5180507.679,127740.0951,200,57.6613,576613
2021-01-16,Nagaland,1915285.648,23073.20741,28089.97189,579.9970421,200,0.8065,8065
2021-01-16,Assam,22509565.34,3876789.569,1659843.778,62764.49212,300,16.129,161290
2021-01-16,Delhi,15612475.9,274551.9971,778639.4156,11939.20926,300,8.2661,82661
2021-01-16,Jharkhand,30788068.46,941552.5366,489387.6866,16221.45277,300,17.1371,171371
2021-01-16,Maharashtra,97264217.26,6087807.356,5180507.679,127740.0951,300,57.6613,576613
2021-01-16,Nagaland,1915285.648,23073.20741,28089.97189,579.9970421,300,0.8065,8065
2021-01-16,Assam,22509565.34,3876789.569,1659843.778,62764.49212,400,16.129,161290
2021-01-16,Delhi,15612475.9,274551.9971,778639.4156,11939.20926,400,8.2661,82661
2021-01-16,Jharkhand,30788068.46,941552.5366,489387.6866,16221.45277,400,17.1371,171371
2021-01-16,Maharashtra,97264217.26,6087807.356,5180507.679,127740.0951,400,57.6613,576613
2021-01-16,Nagaland,1915285.648,23073.20741,28089.97189,579.9970421,400,0.8065,8065
2021-01-16,Assam,22509565.34,3876789.569,1659843.778,62764.49212,500,16.129,161290
2021-01-16,Delhi,15612475.9,274551.9971,778639.4156,11939.20926,500,8.2661,82661
2021-01-16,Jharkhand,30788068.46,941552.5366,489387.6866,16221.45277,500,17.1371,171371
2021-01-16,Maharashtra,97264217.26,6087807.356,5180507.679,127740.0951,500,57.6613,576613
2021-01-16,Nagaland,1915285.648,23073.20741,28089.97189,579.9970421,500,0.8065,8065
2021-01-17,Assam,21512451.48,4357786.735,1865540.08,70549.00015,200,16.129,161290
2021-01-17,Delhi,15581504.1,286392.7698,792661.0907,12232.39165,200,8.2661,82661
2021-01-17,Jharkhand,30526004.28,1060419.93,539381.2955,18135.6982,200,17.1371,171371
2021-01-17,Maharashtra,96144004.68,6597071.837,5497481.936,137106.519,200,57.6613,576613
2021-01-17,Nagaland,1912006.61,24455.61525,29277.8688,609.1345813,200,0.8065,8065
2021-01-17,Assam,21512451.48,4357786.735,1865540.08,70549.00015,300,16.129,161290
2021-01-17,Delhi,15581504.1,286392.7698,792661.0907,12232.39165,300,8.2661,82661
2021-01-17,Jharkhand,30526004.28,1060419.93,539381.2955,18135.6982,300,17.1371,171371
2021-01-17,Maharashtra,96144004.68,6597071.837,5497481.936,137106.519,300,57.6613,576613
2021-01-17,Nagaland,1912006.61,24455.61525,29277.8688,609.1345813,300,0.8065,8065
2021-01-17,Assam,21512451.48,4357786.735,1865540.08,70549.00015,400,16.129,161290
2021-01-17,Delhi,15581504.1,286392.7698,792661.0907,12232.39165,400,8.2661,82661
2021-01-17,Jharkhand,30526004.28,1060419.93,539381.2955,18135.6982,400,17.1371,171371
2021-01-17,Maharashtra,96144004.68,6597071.837,5497481.936,137106.519,400,57.6613,576613
2021-01-17,Nagaland,1912006.61,24455.61525,29277.8688,609.1345813,400,0.8065,8065
2021-01-17,Assam,21512451.48,4357786.735,1865540.08,70549.00015,500,16.129,161290
2021-01-17,Delhi,15581504.1,286392.7698,792661.0907,12232.39165,500,8.2661,82661
2021-01-17,Jharkhand,30526004.28,1060419.93,539381.2955,18135.6982,500,17.1371,171371
2021-01-17,Maharashtra,96144004.68,6597071.837,5497481.936,137106.519,500,57.6613,576613
2021-01-17,Nagaland,1912006.61,24455.61525,29277.8688,609.1345813,500,0.8065,8065
2021-01-18,Assam,20446378.53,4878587.636,2096286.124,79068.70145,200,16.129,161290
2021-01-18,Delhi,15549263.98,298708.0153,807286.601,12537.79798,200,8.2661,82661
2021-01-18,Jharkhand,30233642.84,1193331.002,595663.6894,20280.43689,200,17.1371,171371
2021-01-18,Maharashtra,94945176.75,7142552.337,5840818.514,147182.3447,200,57.6613,576613
2021-01-18,Nagaland,1908537.443,25917.81524,30536.86365,639.982644,200,0.8065,8065
2021-01-18,Assam,20446378.53,4878587.636,2096286.124,79068.70145,300,16.129,161290
2021-01-18,Delhi,15549263.98,298708.0153,807286.601,12537.79798,300,8.2661,82661
2021-01-18,Jharkhand,30233642.84,1193331.002,595663.6894,20280.43689,300,17.1371,171371
2021-01-18,Maharashtra,94945176.75,7142552.337,5840818.514,147182.3447,300,57.6613,576613
2021-01-18,Nagaland,1908537.443,25917.81524,30536.86365,639.982644,300,0.8065,8065
2021-01-18,Assam,20446378.53,4878587.636,2096286.124,79068.70145,400,16.129,161290
2021-01-18,Delhi,15549263.98,298708.0153,807286.601,12537.79798,400,8.2661,82661
2021-01-18,Jharkhand,30233642.84,1193331.002,595663.6894,20280.43689,400,17.1371,171371
2021-01-18,Maharashtra,94945176.75,7142552.337,5840818.514,147182.3447,400,57.6613,576613
2021-01-18,Nagaland,1908537.443,25917.81524,30536.86365,639.982644,400,0.8065,8065
2021-01-18,Assam,20446378.53,4878587.636,2096286.124,79068.70145,500,16.129,161290
2021-01-18,Delhi,15549263.98,298708.0153,807286.601,12537.79798,500,8.2661,82661
2021-01-18,Jharkhand,30233642.84,1193331.002,595663.6894,20280.43689,500,17.1371,171371
2021-01-18,Maharashtra,94945176.75,7142552.337,5840818.514,147182.3447,500,57.6613,576613
2021-01-18,Nagaland,1908537.443,25917.81524,30536.86365,639.982644,500,0.8065,8065
2021-01-19,Assam,19317901.23,5437415.51,2354033.036,88325.57264,200,16.129,161290
2021-01-19,Delhi,15515710.69,311513.5041,822540.0635,12855.88041,200,8.2661,82661
2021-01-19,Jharkhand,29908130.93,1341688.138,658971.7854,22679.92047,200,17.1371,171371
2021-01-19,Maharashtra,93664683.4,7725701.983,6212365.062,158004.9905,200,57.6613,576613
2021-01-19,Nagaland,1904867.952,27464.03646,31871.05105,672.635589,200,0.8065,8065
2021-01-19,Assam,19317901.23,5437415.51,2354033.036,88325.57264,300,16.129,161290
2021-01-19,Delhi,15515710.69,311513.5041,822540.0635,12855.88041,300,8.2661,82661
2021-01-19,Jharkhand,29908130.93,1341688.138,658971.7854,22679.92047,300,17.1371,171371
2021-01-19,Maharashtra,93664683.4,7725701.983,6212365.062,158004.9905,300,57.6613,576613
2021-01-19,Nagaland,1904867.952,27464.03646,31871.05105,672.635589,300,0.8065,8065
2021-01-19,Assam,19317901.23,5437415.51,2354033.036,88325.57264,400,16.129,161290
2021-01-19,Delhi,15515710.69,311513.5041,822540.0635,12855.88041,400,8.2661,82661
2021-01-19,Jharkhand,29908130.93,1341688.138,658971.7854,22679.92047,400,17.1371,171371
2021-01-19,Maharashtra,93664683.4,7725701.983,6212365.062,158004.9905,400,57.6613,576613
2021-01-19,Nagaland,1904867.952,27464.03646,31871.05105,672.635589,400,0.8065,8065
2021-01-19,Assam,19317901.23,5437415.51,2354033.036,88325.57264,500,16.129,161290
2021-01-19,Delhi,15515710.69,311513.5041,822540.0635,12855.88041,500,8.2661,82661
2021-01-19,Jharkhand,29908130.93,1341688.138,658971.7854,22679.92047,500,17.1371,171371
2021-01-19,Maharashtra,93664683.4,7725701.983,6212365.062,158004.9905,500,57.6613,576613
2021-01-19,Nagaland,1904867.952,27464.03646,31871.05105,672.635589,500,0.8065,8065
2021-01-20,Assam,18136173.45,6031104.819,2640609.247,98304.45597,200,16.129,161290
2021-01-20,Delhi,15480798.4,324825.2382,838446.389,13187.10276,200,8.2661,82661
2021-01-20,Jharkhand,29546515.99,1506965.572,730114.4713,25360.0309,200,17.1371,171371
2021-01-20,Maharashtra,92299781.04,8347829.325,6614038.434,169611.0203,200,57.6613,576613
2021-01-20,Nagaland,1900987.497,29098.68525,33284.74147,707.192232,200,0.8065,8065
2021-01-20,Assam,18136173.45,6031104.819,2640609.247,98304.45597,300,16.129,161290
2021-01-20,Delhi,15480798.4,324825.2382,838446.389,13187.10276,300,8.2661,82661
2021-01-20,Jharkhand,29546515.99,1506965.572,730114.4713,25360.0309,300,17.1371,171371
2021-01-20,Maharashtra,92299781.04,8347829.325,6614038.434,169611.0203,300,57.6613,576613
2021-01-20,Nagaland,1900987.497,29098.68525,33284.74147,707.192232,300,0.8065,8065
2021-01-20,Assam,18136173.45,6031104.819,2640609.247,98304.45597,400,16.129,161290
2021-01-20,Delhi,15480798.4,324825.2382,838446.389,13187.10276,400,8.2661,82661
2021-01-20,Jharkhand,29546515.99,1506965.572,730114.4713,25360.0309,400,17.1371,171371
2021-01-20,Maharashtra,92299781.04,8347829.325,6614038.434,169611.0203,400,57.6613,576613
2021-01-20,Nagaland,1900987.497,29098.68525,33284.74147,707.192232,400,0.8065,8065
2021-01-20,Assam,18136173.45,6031104.819,2640609.247,98304.45597,500,16.129,161290
2021-01-20,Delhi,15480798.4,324825.2382,838446.389,13187.10276,500,8.2661,82661
2021-01-20,Jharkhand,29546515.99,1506965.572,730114.4713,25360.0309,500,17.1371,171371
2021-01-20,Maharashtra,92299781.04,8347829.325,6614038.434,169611.0203,500,57.6613,576613
2021-01-20,Nagaland,1900987.497,29098.68525,33284.74147,707.192232,500,0.8065,8065
2021-01-21,Assam,16912871.36,6654976.71,2957647.273,108970.8175,200,16.129,161290
2021-01-21,Delhi,15444480.37,338659.4211,855031.2945,13531.94023,200,8.2661,82661
2021-01-21,Jharkhand,29145790.7,1690693.71,809975.8275,28348.13932,200,17.1371,171371
2021-01-21,Maharashtra,90848114.98,9010055.515,7047816.42,182035.5645,200,57.6613,576613
2021-01-21,Nagaland,1896884.989,30826.34654,34782.47017,743.7559616,200,0.8065,8065
2021-01-21,Assam,16912871.36,6654976.71,2957647.273,108970.8175,300,16.129,161290
2021-01-21,Delhi,15444480.37,338659.4211,855031.2945,13531.94023,300,8.2661,82661
2021-01-21,Jharkhand,29145790.7,1690693.71,809975.8275,28348.13932,300,17.1371,171371
2021-01-21,Maharashtra,90848114.98,9010055.515,7047816.42,182035.5645,300,57.6613,576613
2021-01-21,Nagaland,1896884.989,30826.34654,34782.47017,743.7559616,300,0.8065,8065
2021-01-21,Assam,16912871.36,6654976.71,2957647.273,108970.8175,400,16.129,161290
2021-01-21,Delhi,15444480.37,338659.4211,855031.2945,13531.94023,400,8.2661,82661
2021-01-21,Jharkhand,29145790.7,1690693.71,809975.8275,28348.13932,400,17.1371,171371
2021-01-21,Maharashtra,90848114.98,9010055.515,7047816.42,182035.5645,400,57.6613,576613
2021-01-21,Nagaland,1896884.989,30826.34654,34782.47017,743.7559616,400,0.8065,8065
2021-01-21,Assam,16912871.36,6654976.71,2957647.273,108970.8175,500,16.129,161290
2021-01-21,Delhi,15444480.37,338659.4211,855031.2945,13531.94023,500,8.2661,82661
2021-01-21,Jharkhand,29145790.7,1690693.71,809975.8275,28348.13932,500,17.1371,171371
2021-01-21,Maharashtra,90848114.98,9010055.515,7047816.42,182035.5645,500,57.6613,576613
2021-01-21,Nagaland,1896884.989,30826.34654,34782.47017,743.7559616,500,0.8065,8065
2021-01-22,Assam,15661918.47,7302786.705,3306506.644,120269.2805,200,16.129,161290
2021-01-22,Delhi,15406708.98,353032.4298,872321.3113,13890.87924,200,8.2661,82661
2021-01-22,Jharkhand,28702951.72,1894437.089,899517.41,31672.88208,200,17.1371,171371
2021-01-22,Maharashtra,89307807.58,9713267.249,7515727.21,195311.6667,200,57.6613,576613
2021-01-22,Nagaland,1892548.879,32651.7844,36369.00612,782.4348464,200,0.8065,8065
2021-01-22,Assam,15661918.47,7302786.705,3306506.644,120269.2805,300,16.129,161290
2021-01-22,Delhi,15406708.98,353032.4298,872321.3113,13890.87924,300,8.2661,82661
2021-01-22,Jharkhand,28702951.72,1894437.089,899517.41,31672.88208,300,17.1371,171371
2021-01-22,Maharashtra,89307807.58,9713267.249,7515727.21,195311.6667,300,57.6613,576613
2021-01-22,Nagaland,1892548.879,32651.7844,36369.00612,782.4348464,300,0.8065,8065
2021-01-22,Assam,15661918.47,7302786.705,3306506.644,120269.2805,400,16.129,161290
2021-01-22,Delhi,15406708.98,353032.4298,872321.3113,13890.87924,400,8.2661,82661
2021-01-22,Jharkhand,28702951.72,1894437.089,899517.41,31672.88208,400,17.1371,171371
2021-01-22,Maharashtra,89307807.58,9713267.249,7515727.21,195311.6667,400,57.6613,576613
2021-01-22,Nagaland,1892548.879,32651.7844,36369.00612,782.4348464,400,0.8065,8065
2021-01-22,Assam,15661918.47,7302786.705,3306506.644,120269.2805,500,16.129,161290
2021-01-22,Delhi,15406708.98,353032.4298,872321.3113,13890.87924,500,8.2661,82661
2021-01-22,Jharkhand,28702951.72,1894437.089,899517.41,31672.88208,500,17.1371,171371
2021-01-22,Maharashtra,89307807.58,9713267.249,7515727.21,195311.6667,500,57.6613,576613
2021-01-22,Nagaland,1892548.879,32651.7844,36369.00612,782.4348464,500,0.8065,8065
2021-01-23,Assam,14398988.82,7966770.162,3688196.268,132123.2603,200,16.129,161290
2021-01-23,Delhi,15367435.78,367960.7815,890343.793,14264.41713,200,8.2661,82661
2021-01-23,Jharkhand,28215074.63,2119764.698,999779.2507,35363.83562,200,17.1371,171371
2021-01-23,Maharashtra,87677550.59,10458066.02,8019836.421,209469.562,200,57.6613,576613
2021-01-23,Nagaland,1887967.165,34579.94136,38049.36098,823.3417293,200,0.8065,8065
2021-01-23,Assam,14398988.82,7966770.162,3688196.268,132123.2603,300,16.129,161290
2021-01-23,Delhi,15367435.78,367960.7815,890343.793,14264.41713,300,8.2661,82661
2021-01-23,Jharkhand,28215074.63,2119764.698,999779.2507,35363.83562,300,17.1371,171371
2021-01-23,Maharashtra,87677550.59,10458066.02,8019836.421,209469.562,300,57.6613,576613
2021-01-23,Nagaland,1887967.165,34579.94136,38049.36098,823.3417293,300,0.8065,8065
2021-01-23,Assam,14398988.82,7966770.162,3688196.268,132123.2603,400,16.129,161290
2021-01-23,Delhi,15367435.78,367960.7815,890343.793,14264.41713,400,8.2661,82661
2021-01-23,Jharkhand,28215074.63,2119764.698,999779.2507,35363.83562,400,17.1371,171371
2021-01-23,Maharashtra,87677550.59,10458066.02,8019836.421,209469.562,400,57.6613,576613
2021-01-23,Nagaland,1887967.165,34579.94136,38049.36098,823.3417293,400,0.8065,8065
2021-01-23,Assam,14398988.82,7966770.162,3688196.268,132123.2603,500,16.129,161290
2021-01-23,Delhi,15367435.78,367960.7815,890343.793,14264.41713,500,8.2661,82661
2021-01-23,Jharkhand,28215074.63,2119764.698,999779.2507,35363.83562,500,17.1371,171371
2021-01-23,Maharashtra,87677550.59,10458066.02,8019836.421,209469.562,500,57.6613,576613
2021-01-23,Nagaland,1887967.165,34579.94136,38049.36098,823.3417293,500,0.8065,8065
2021-01-24,Assam,13140819.04,8637801.693,4103301.86,144435.9493,200,16.129,161290
2021-01-24,Delhi,15326611.58,383461.0954,909126.922,14653.06177,200,8.2661,82661
2021-01-24,Jharkhand,27679405.61,2368211.902,1111879.183,39451.07717,200,17.1371,171371
2021-01-24,Maharashtra,85956700.17,11244713.95,8562231.293,224535.8832,200,57.6613,576613
2021-01-24,Nagaland,1883127.381,36615.93661,39828.79795,866.5943073,200,0.8065,8065
2021-01-24,Assam,13140819.04,8637801.693,4103301.86,144435.9493,300,16.129,161290
2021-01-24,Delhi,15326611.58,383461.0954,909126.922,14653.06177,300,8.2661,82661
2021-01-24,Jharkhand,27679405.61,2368211.902,1111879.183,39451.07717,300,17.1371,171371
2021-01-24,Maharashtra,85956700.17,11244713.95,8562231.293,224535.8832,300,57.6613,576613
2021-01-24,Nagaland,1883127.381,36615.93661,39828.79795,866.5943073,300,0.8065,8065
2021-01-24,Assam,13140819.04,8637801.693,4103301.86,144435.9493,400,16.129,161290
2021-01-24,Delhi,15326611.58,383461.0954,909126.922,14653.06177,400,8.2661,82661
2021-01-24,Jharkhand,27679405.61,2368211.902,1111879.183,39451.07717,400,17.1371,171371
2021-01-24,Maharashtra,85956700.17,11244713.95,8562231.293,224535.8832,400,57.6613,576613
2021-01-24,Nagaland,1883127.381,36615.93661,39828.79795,866.5943073,400,0.8065,8065
2021-01-24,Assam,13140819.04,8637801.693,4103301.86,144435.9493,500,16.129,161290
2021-01-24,Delhi,15326611.58,383461.0954,909126.922,14653.06177,500,8.2661,82661
2021-01-24,Jharkhand,27679405.61,2368211.902,1111879.183,39451.07717,500,17.1371,171371
2021-01-24,Maharashtra,85956700.17,11244713.95,8562231.293,224535.8832,500,57.6613,576613
2021-01-24,Nagaland,1883127.381,36615.93661,39828.79795,866.5943073,500,0.8065,8065
2021-01-25,Assam,11904374.86,9305672.069,4551924.626,157092.7609,200,16.129,161290
2021-01-25,Delhi,15284186.46,399550.0506,928699.7132,15057.33116,200,8.2661,82661
2021-01-25,Jharkhand,27093471.44,2641232.641,1237009.989,43964.61058,200,17.1371,171371
2021-01-25,Maharashtra,84145370.16,12073078.59,9145002.585,240532.8302,200,57.6613,576613
2021-01-25,Nagaland,1878016.608,38765.0628,41712.84054,912.3151947,200,0.8065,8065
2021-01-25,Assam,11904374.86,9305672.069,4551924.626,157092.7609,300,16.129,161290
2021-01-25,Delhi,15284186.46,399550.0506,928699.7132,15057.33116,300,8.2661,82661
2021-01-25,Jharkhand,27093471.44,2641232.641,1237009.989,43964.61058,300,17.1371,171371
2021-01-25,Maharashtra,84145370.16,12073078.59,9145002.585,240532.8302,300,57.6613,576613
2021-01-25,Nagaland,1878016.608,38765.0628,41712.84054,912.3151947,300,0.8065,8065
2021-01-25,Assam,11904374.86,9305672.069,4551924.626,157092.7609,400,16.129,161290
2021-01-25,Delhi,15284186.46,399550.0506,928699.7132,15057.33116,400,8.2661,82661
2021-01-25,Jharkhand,27093471.44,2641232.641,1237009.989,43964.61058,400,17.1371,171371
2021-01-25,Maharashtra,84145370.16,12073078.59,9145002.585,240532.8302,400,57.6613,576613
2021-01-25,Nagaland,1878016.608,38765.0628,41712.84054,912.3151947,400,0.8065,8065
2021-01-25,Assam,11904374.86,9305672.069,4551924.626,157092.7609,500,16.129,161290
2021-01-25,Delhi,15284186.46,399550.0506,928699.7132,15057.33116,500,8.2661,82661
2021-01-25,Jharkhand,27093471.44,2641232.641,1237009.989,43964.61058,500,17.1371,171371
2021-01-25,Maharashtra,84145370.16,12073078.59,9145002.585,240532.8302,500,57.6613,576613
2021-01-25,Nagaland,1878016.608,38765.0628,41712.84054,912.3151947,500,0.8065,8065
2021-01-26,Assam,10705959.25,9959465.178,5033635.491,169965.0834,200,16.129,161290
2021-01-26,Delhi,15240109.92,416244.3402,949092.0159,15477.75292,200,8.2661,82661
2021-01-26,Jharkhand,26455206.22,2940141.563,1376433.924,48933.64815,200,17.1371,171371
2021-01-26,Maharashtra,82244519.14,12942578.07,9770223.81,257477.3125,200,57.6613,576613
2021-01-26,Nagaland,1872621.476,41032.78118,43707.28114,960.6319654,200,0.8065,8065
2021-01-26,Assam,10705959.25,9959465.178,5033635.491,169965.0834,300,16.129,161290
2021-01-26,Delhi,15240109.92,416244.3402,949092.0159,15477.75292,300,8.2661,82661
2021-01-26,Jharkhand,26455206.22,2940141.563,1376433.924,48933.64815,300,17.1371,171371
2021-01-26,Maharashtra,82244519.14,12942578.07,9770223.81,257477.3125,300,57.6613,576613
2021-01-26,Nagaland,1872621.476,41032.78118,43707.28114,960.6319654,300,0.8065,8065
2021-01-26,Assam,10705959.25,9959465.178,5033635.491,169965.0834,400,16.129,161290
2021-01-26,Delhi,15240109.92,416244.3402,949092.0159,15477.75292,400,8.2661,82661
2021-01-26,Jharkhand,26455206.22,2940141.563,1376433.924,48933.64815,400,17.1371,171371
2021-01-26,Maharashtra,82244519.14,12942578.07,9770223.81,257477.3125,400,57.6613,576613
2021-01-26,Nagaland,1872621.476,41032.78118,43707.28114,960.6319654,400,0.8065,8065
2021-01-26,Assam,10705959.25,9959465.178,5033635.491,169965.0834,500,16.129,161290
2021-01-26,Delhi,15240109.92,416244.3402,949092.0159,15477.75292,500,8.2661,82661
2021-01-26,Jharkhand,26455206.22,2940141.563,1376433.924,48933.64815,500,17.1371,171371
2021-01-26,Maharashtra,82244519.14,12942578.07,9770223.81,257477.3125,500,57.6613,576613
2021-01-26,Nagaland,1872621.476,41032.78118,43707.28114,960.6319654,500,0.8065,8065
2021-01-27,Assam,9560341.647,10588028.86,5547451.738,182915.3533,200,16.129,161290
2021-01-27,Delhi,15194330.9,433560.6199,970334.5136,15914.86369,200,8.2661,82661
2021-01-27,Jharkhand,25763092.81,3266045.997,1531474.096,54385.74187,200,17.1371,171371
2021-01-27,Maharashtra,80256036.45,13852123.9,10439926.75,275380.0236,200,57.6613,576613
2021-01-27,Nagaland,1866928.171,43424.71504,45818.18928,1011.677172,200,0.8065,8065
2021-01-27,Assam,9560341.647,10588028.86,5547451.738,182915.3533,300,16.129,161290
2021-01-27,Delhi,15194330.9,433560.6199,970334.5136,15914.86369,300,8.2661,82661
2021-01-27,Jharkhand,25763092.81,3266045.997,1531474.096,54385.74187,300,17.1371,171371
2021-01-27,Maharashtra,80256036.45,13852123.9,10439926.75,275380.0236,300,57.6613,576613
2021-01-27,Nagaland,1866928.171,43424.71504,45818.18928,1011.677172,300,0.8065,8065
2021-01-27,Assam,9560341.647,10588028.86,5547451.738,182915.3533,400,16.129,161290
2021-01-27,Delhi,15194330.9,433560.6199,970334.5136,15914.86369,400,8.2661,82661
2021-01-27,Jharkhand,25763092.81,3266045.997,1531474.096,54385.74187,400,17.1371,171371
2021-01-27,Maharashtra,80256036.45,13852123.9,10439926.75,275380.0236,400,57.6613,576613
2021-01-27,Nagaland,1866928.171,43424.71504,45818.18928,1011.677172,400,0.8065,8065
2021-01-27,Assam,9560341.647,10588028.86,5547451.738,182915.3533,500,16.129,161290
2021-01-27,Delhi,15194330.9,433560.6199,970334.5136,15914.86369,500,8.2661,82661
2021-01-27,Jharkhand,25763092.81,3266045.997,1531474.096,54385.74187,500,17.1371,171371
2021-01-27,Maharashtra,80256036.45,13852123.9,10439926.75,275380.0236,500,57.6613,576613
2021-01-27,Nagaland,1866928.171,43424.71504,45818.18928,1011.677172,500,0.8065,8065
2021-01-28,Assam,8480022.229,11180480.47,6091837.543,195802.7921,200,16.129,161290
2021-01-28,Delhi,15146797.93,451515.4523,992458.7204,16369.20849,200,8.2661,82661
2021-01-28,Jharkhand,25016314.76,3619768.363,1703502.202,60345.76473,200,17.1371,171371
2021-01-28,Maharashtra,78182811.78,14800069.77,11156074.99,294244.5599,200,57.6613,576613
2021-01-28,Nagaland,1860922.452,45946.64109,48051.91953,1065.588336,200,0.8065,8065
2021-01-28,Assam,8480022.229,11180480.47,6091837.543,195802.7921,300,16.129,161290
2021-01-28,Delhi,15146797.93,451515.4523,992458.7204,16369.20849,300,8.2661,82661
2021-01-28,Jharkhand,25016314.76,3619768.363,1703502.202,60345.76473,300,17.1371,171371
2021-01-28,Maharashtra,78182811.78,14800069.77,11156074.99,294244.5599,300,57.6613,576613
2021-01-28,Nagaland,1860922.452,45946.64109,48051.91953,1065.588336,300,0.8065,8065
2021-01-28,Assam,8480022.229,11180480.47,6091837.543,195802.7921,400,16.129,161290
2021-01-28,Delhi,15146797.93,451515.4523,992458.7204,16369.20849,400,8.2661,82661
2021-01-28,Jharkhand,25016314.76,3619768.363,1703502.202,60345.76473,400,17.1371,171371
2021-01-28,Maharashtra,78182811.78,14800069.77,11156074.99,294244.5599,400,57.6613,576613
2021-01-28,Nagaland,1860922.452,45946.64109,48051.91953,1065.588336,400,0.8065,8065
2021-01-28,Assam,8480022.229,11180480.47,6091837.543,195802.7921,500,16.129,161290
2021-01-28,Delhi,15146797.93,451515.4523,992458.7204,16369.20849,500,8.2661,82661
2021-01-28,Jharkhand,25016314.76,3619768.363,1703502.202,60345.76473,500,17.1371,171371
2021-01-28,Maharashtra,78182811.78,14800069.77,11156074.99,294244.5599,500,57.6613,576613
2021-01-28,Nagaland,1860922.452,45946.64109,48051.91953,1065.588336,500,0.8065,8065
2021-01-29,Assam,7474697.222,11726714.03,6664730.34,208489.4543,200,16.129,161290
2021-01-29,Delhi,15097459.2,470125.2455,1015496.975,16841.33991,200,8.2661,82661
2021-01-29,Jharkhand,24214912.27,4001760.517,1893922.166,66834.75428,200,17.1371,171371
2021-01-29,Maharashtra,76028789.56,15784164.97,11920534.87,314066.5646,200,57.6613,576613
2021-01-29,Nagaland,1854589.666,48604.47862,50415.11891,1122.507914,200,0.8065,8065
2021-01-29,Assam,7474697.222,11726714.03,6664730.34,208489.4543,300,16.129,161290
2021-01-29,Delhi,15097459.2,470125.2455,1015496.975,16841.33991,300,8.2661,82661
2021-01-29,Jharkhand,24214912.27,4001760.517,1893922.166,66834.75428,300,17.1371,171371
2021-01-29,Maharashtra,76028789.56,15784164.97,11920534.87,314066.5646,300,57.6613,576613
2021-01-29,Nagaland,1854589.666,48604.47862,50415.11891,1122.507914,300,0.8065,8065
2021-01-29,Assam,7474697.222,11726714.03,6664730.34,208489.4543,400,16.129,161290
2021-01-29,Delhi,15097459.2,470125.2455,1015496.975,16841.33991,400,8.2661,82661
2021-01-29,Jharkhand,24214912.27,4001760.517,1893922.166,66834.75428,400,17.1371,171371
2021-01-29,Maharashtra,76028789.56,15784164.97,11920534.87,314066.5646,400,57.6613,576613
2021-01-29,Nagaland,1854589.666,48604.47862,50415.11891,1122.507914,400,0.8065,8065
2021-01-29,Assam,7474697.222,11726714.03,6664730.34,208489.4543,500,16.129,161290
2021-01-29,Delhi,15097459.2,470125.2455,1015496.975,16841.33991,500,8.2661,82661
2021-01-29,Jharkhand,24214912.27,4001760.517,1893922.166,66834.75428,500,17.1371,171371
2021-01-29,Maharashtra,76028789.56,15784164.97,11920534.87,314066.5646,500,57.6613,576613
2021-01-29,Nagaland,1854589.666,48604.47862,50415.11891,1122.507914,500,0.8065,8065
2021-01-30,Assam,6550977.135,12217859.1,7263591.371,220846.003,200,16.129,161290
2021-01-30,Delhi,15046262.69,489406.187,1039482.431,17331.8173,200,8.2661,82661
2021-01-30,Jharkhand,23359933.14,4412012.76,2104149.354,73868.64544,200,17.1371,171371
2021-01-30,Maharashtra,73799003.32,16801515.96,12735044.28,334832.9365,200,57.6613,576613
2021-01-30,Nagaland,1847914.773,51404.27619,52914.7337,1182.583217,200,0.8065,8065
2021-01-30,Assam,6550977.135,12217859.1,7263591.371,220846.003,300,16.129,161290
2021-01-30,Delhi,15046262.69,489406.187,1039482.431,17331.8173,300,8.2661,82661
2021-01-30,Jharkhand,23359933.14,4412012.76,2104149.354,73868.64544,300,17.1371,171371
2021-01-30,Maharashtra,73799003.32,16801515.96,12735044.28,334832.9365,300,57.6613,576613
2021-01-30,Nagaland,1847914.773,51404.27619,52914.7337,1182.583217,300,0.8065,8065
2021-01-30,Assam,6550977.135,12217859.1,7263591.371,220846.003,400,16.129,161290
2021-01-30,Delhi,15046262.69,489406.187,1039482.431,17331.8173,400,8.2661,82661
2021-01-30,Jharkhand,23359933.14,4412012.76,2104149.354,73868.64544,400,17.1371,171371
2021-01-30,Maharashtra,73799003.32,16801515.96,12735044.28,334832.9365,400,57.6613,576613
2021-01-30,Nagaland,1847914.773,51404.27619,52914.7337,1182.583217,400,0.8065,8065
2021-01-30,Assam,6550977.135,12217859.1,7263591.371,220846.003,500,16.129,161290
2021-01-30,Delhi,15046262.69,489406.187,1039482.431,17331.8173,500,8.2661,82661
2021-01-30,Jharkhand,23359933.14,4412012.76,2104149.354,73868.64544,500,17.1371,171371
2021-01-30,Maharashtra,73799003.32,16801515.96,12735044.28,334832.9365,500,57.6613,576613
2021-01-30,Nagaland,1847914.773,51404.27619,52914.7337,1182.583217,500,0.8065,8065
2021-01-31,Assam,5712365.119,12646650.56,7885477.19,232756.7114,200,16.129,161290
2021-01-31,Delhi,14993156.33,509374.1712,1064449.044,17841.20577,200,8.2661,82661
2021-01-31,Jharkhand,22453567.37,4849961.511,2335585.182,81456.9361,200,17.1371,171371
2021-01-31,Maharashtra,71499585.46,17848558.33,13601179.75,356521.1409,200,57.6613,576613
2021-01-31,Nagaland,1840882.368,54352.19564,55558.01546,1245.966302,200,0.8065,8065
2021-01-31,Assam,5712365.119,12646650.56,7885477.19,232756.7114,300,16.129,161290
2021-01-31,Delhi,14993156.33,509374.1712,1064449.044,17841.20577,300,8.2661,82661
2021-01-31,Jharkhand,22453567.37,4849961.511,2335585.182,81456.9361,300,17.1371,171371
2021-01-31,Maharashtra,71499585.46,17848558.33,13601179.75,356521.1409,300,57.6613,576613
2021-01-31,Nagaland,1840882.368,54352.19564,55558.01546,1245.966302,300,0.8065,8065
2021-01-31,Assam,5712365.119,12646650.56,7885477.19,232756.7114,400,16.129,161290
2021-01-31,Delhi,14993156.33,509374.1712,1064449.044,17841.20577,400,8.2661,82661
2021-01-31,Jharkhand,22453567.37,4849961.511,2335585.182,81456.9361,400,17.1371,171371
2021-01-31,Maharashtra,71499585.46,17848558.33,13601179.75,356521.1409,400,57.6613,576613
2021-01-31,Nagaland,1840882.368,54352.19564,55558.01546,1245.966302,400,0.8065,8065
2021-01-31,Assam,5712365.119,12646650.56,7885477.19,232756.7114,500,16.129,161290
2021-01-31,Delhi,14993156.33,509374.1712,1064449.044,17841.20577,500,8.2661,82661
2021-01-31,Jharkhand,22453567.37,4849961.511,2335585.182,81456.9361,500,17.1371,171371
2021-01-31,Maharashtra,71499585.46,17848558.33,13601179.75,356521.1409,500,57.6613,576613
2021-01-31,Nagaland,1840882.368,54352.19564,55558.01546,1245.966302,500,0.8065,8065